Fitter report for FinalProject_PrimeNumGuessingGame
Mon May 11 15:23:23 2026
Quartus Prime Version 25.1std.0 Build 1129 10/21/2025 SC Lite Edition


---------------------
; Table of Contents ;
---------------------
  1. Legal Notice
  2. Fitter Summary
  3. Fitter Settings
  4. Parallel Compilation
  5. Fitter Netlist Optimizations
  6. Incremental Compilation Preservation Summary
  7. Incremental Compilation Partition Settings
  8. Incremental Compilation Placement Preservation
  9. Pin-Out File
 10. Fitter Resource Usage Summary
 11. Fitter Partition Statistics
 12. Input Pins
 13. Output Pins
 14. I/O Bank Usage
 15. All Package Pins
 16. I/O Assignment Warnings
 17. Fitter Resource Utilization by Entity
 18. Delay Chain Summary
 19. Pad To Core Delay Chain Fanout
 20. Control Signals
 21. Global & Other Fast Signals
 22. Fitter RAM Summary
 23. Routing Usage Summary
 24. I/O Rules Summary
 25. I/O Rules Details
 26. I/O Rules Matrix
 27. Fitter Device Options
 28. Operating Settings and Conditions
 29. Estimated Delay Added for Hold Timing Summary
 30. Estimated Delay Added for Hold Timing Details
 31. Fitter Messages
 32. Fitter Suppressed Messages



----------------
; Legal Notice ;
----------------
Copyright (C) 2025  Altera Corporation. All rights reserved.
Your use of Altera Corporation's design tools, logic functions 
and other software and tools, and any partner logic 
functions, and any output files from any of the foregoing 
(including device programming or simulation files), and any 
associated documentation or information are expressly subject 
to the terms and conditions of the Altera Program License 
Subscription Agreement, the Altera Quartus Prime License Agreement,
the Altera IP License Agreement, or other applicable license
agreement, including, without limitation, that your use is for
the sole purpose of programming logic devices manufactured by
Altera and sold by Altera or its authorized distributors.  Please
refer to the Altera Software License Subscription Agreements 
on the Quartus Prime software download page.



+-----------------------------------------------------------------------------------+
; Fitter Summary                                                                    ;
+---------------------------------+-------------------------------------------------+
; Fitter Status                   ; Successful - Mon May 11 15:23:23 2026           ;
; Quartus Prime Version           ; 25.1std.0 Build 1129 10/21/2025 SC Lite Edition ;
; Revision Name                   ; FinalProject_PrimeNumGuessingGame               ;
; Top-level Entity Name           ; FinalProject_PrimeNumGuessingGame               ;
; Family                          ; Cyclone V                                       ;
; Device                          ; 5CEBA4F23C7                                     ;
; Timing Models                   ; Final                                           ;
; Logic utilization (in ALMs)     ; 318 / 18,480 ( 2 % )                            ;
; Total registers                 ; 363                                             ;
; Total pins                      ; 67 / 224 ( 30 % )                               ;
; Total virtual pins              ; 0                                               ;
; Total block memory bits         ; 832 / 3,153,920 ( < 1 % )                       ;
; Total RAM Blocks                ; 4 / 308 ( 1 % )                                 ;
; Total DSP Blocks                ; 0 / 66 ( 0 % )                                  ;
; Total HSSI RX PCSs              ; 0                                               ;
; Total HSSI PMA RX Deserializers ; 0                                               ;
; Total HSSI TX PCSs              ; 0                                               ;
; Total HSSI PMA TX Serializers   ; 0                                               ;
; Total PLLs                      ; 0 / 4 ( 0 % )                                   ;
; Total DLLs                      ; 0 / 4 ( 0 % )                                   ;
+---------------------------------+-------------------------------------------------+


+----------------------------------------------------------------------------------------------------------------------------------------------------+
; Fitter Settings                                                                                                                                    ;
+--------------------------------------------------------------------+---------------------------------------+---------------------------------------+
; Option                                                             ; Setting                               ; Default Value                         ;
+--------------------------------------------------------------------+---------------------------------------+---------------------------------------+
; Device                                                             ; 5CEBA4F23C7                           ;                                       ;
; Minimum Core Junction Temperature                                  ; 0                                     ;                                       ;
; Maximum Core Junction Temperature                                  ; 85                                    ;                                       ;
; Use smart compilation                                              ; Off                                   ; Off                                   ;
; Enable parallel Assembler and Timing Analyzer during compilation   ; On                                    ; On                                    ;
; Enable compact report table                                        ; Off                                   ; Off                                   ;
; Router Timing Optimization Level                                   ; Normal                                ; Normal                                ;
; Perform Clocking Topology Analysis During Routing                  ; Off                                   ; Off                                   ;
; Placement Effort Multiplier                                        ; 1.0                                   ; 1.0                                   ;
; Device initialization clock source                                 ; INIT_INTOSC                           ; INIT_INTOSC                           ;
; Optimize Hold Timing                                               ; All Paths                             ; All Paths                             ;
; Optimize Multi-Corner Timing                                       ; On                                    ; On                                    ;
; Auto RAM to MLAB Conversion                                        ; On                                    ; On                                    ;
; Equivalent RAM and MLAB Power Up                                   ; Auto                                  ; Auto                                  ;
; Equivalent RAM and MLAB Paused Read Capabilities                   ; Care                                  ; Care                                  ;
; Power Optimization During Fitting                                  ; Normal compilation                    ; Normal compilation                    ;
; SSN Optimization                                                   ; Off                                   ; Off                                   ;
; Optimize Timing                                                    ; Normal compilation                    ; Normal compilation                    ;
; Optimize Timing for ECOs                                           ; Off                                   ; Off                                   ;
; Regenerate Full Fit Report During ECO Compiles                     ; Off                                   ; Off                                   ;
; Optimize IOC Register Placement for Timing                         ; Normal                                ; Normal                                ;
; Final Placement Optimizations                                      ; Automatically                         ; Automatically                         ;
; Fitter Aggressive Routability Optimizations                        ; Automatically                         ; Automatically                         ;
; Fitter Initial Placement Seed                                      ; 1                                     ; 1                                     ;
; Periphery to Core Placement and Routing Optimization               ; Off                                   ; Off                                   ;
; Weak Pull-Up Resistor                                              ; Off                                   ; Off                                   ;
; Enable Bus-Hold Circuitry                                          ; Off                                   ; Off                                   ;
; Auto Packed Registers                                              ; Auto                                  ; Auto                                  ;
; Auto Delay Chains                                                  ; On                                    ; On                                    ;
; Auto Delay Chains for High Fanout Input Pins                       ; Off                                   ; Off                                   ;
; Treat Bidirectional Pin as Output Pin                              ; Off                                   ; Off                                   ;
; Perform Physical Synthesis for Combinational Logic for Fitting     ; Off                                   ; Off                                   ;
; Perform Physical Synthesis for Combinational Logic for Performance ; Off                                   ; Off                                   ;
; Perform Register Duplication for Performance                       ; Off                                   ; Off                                   ;
; Perform Register Retiming for Performance                          ; Off                                   ; Off                                   ;
; Perform Asynchronous Signal Pipelining                             ; Off                                   ; Off                                   ;
; Fitter Effort                                                      ; Auto Fit                              ; Auto Fit                              ;
; Physical Synthesis Effort Level                                    ; Normal                                ; Normal                                ;
; Logic Cell Insertion - Logic Duplication                           ; Auto                                  ; Auto                                  ;
; Auto Register Duplication                                          ; Auto                                  ; Auto                                  ;
; Auto Global Clock                                                  ; On                                    ; On                                    ;
; Auto Global Register Control Signals                               ; On                                    ; On                                    ;
; Reserve all unused pins                                            ; As input tri-stated with weak pull-up ; As input tri-stated with weak pull-up ;
; Synchronizer Identification                                        ; Auto                                  ; Auto                                  ;
; Enable Beneficial Skew Optimization                                ; On                                    ; On                                    ;
; Optimize Design for Metastability                                  ; On                                    ; On                                    ;
; Active Serial clock source                                         ; FREQ_100MHz                           ; FREQ_100MHz                           ;
; Force Fitter to Avoid Periphery Placement Warnings                 ; Off                                   ; Off                                   ;
; Clamping Diode                                                     ; Off                                   ; Off                                   ;
; Enable input tri-state on active configuration pins in user mode   ; Off                                   ; Off                                   ;
; Advanced Physical Optimization                                     ; On                                    ; On                                    ;
+--------------------------------------------------------------------+---------------------------------------+---------------------------------------+


+------------------------------------------+
; Parallel Compilation                     ;
+----------------------------+-------------+
; Processors                 ; Number      ;
+----------------------------+-------------+
; Number detected on machine ; 8           ;
; Maximum allowed            ; 8           ;
;                            ;             ;
; Average used               ; 1.02        ;
; Maximum used               ; 8           ;
;                            ;             ;
; Usage by Processor         ; % Time Used ;
;     Processor 1            ; 100.0%      ;
;     Processor 2            ;   0.3%      ;
;     Processor 3            ;   0.3%      ;
;     Processor 4            ;   0.3%      ;
;     Processor 5            ;   0.3%      ;
;     Processor 6            ;   0.3%      ;
;     Processor 7            ;   0.3%      ;
;     Processor 8            ;   0.3%      ;
+----------------------------+-------------+


+----------------------------------------------------------------------------------------------------------------------------------------------------------------+
; Fitter Netlist Optimizations                                                                                                                                   ;
+------------------+---------+-----------+----------------------------+-----------+----------------+------------------+------------------+-----------------------+
; Node             ; Action  ; Operation ; Reason                     ; Node Port ; Node Port Name ; Destination Node ; Destination Port ; Destination Port Name ;
+------------------+---------+-----------+----------------------------+-----------+----------------+------------------+------------------+-----------------------+
; clk~inputCLKENA0 ; Created ; Placement ; Fitter Periphery Placement ;           ;                ;                  ;                  ;                       ;
+------------------+---------+-----------+----------------------------+-----------+----------------+------------------+------------------+-----------------------+


+---------------------------------------------------------------------------------------------------+
; Incremental Compilation Preservation Summary                                                      ;
+---------------------+---------------------+----------------------------+--------------------------+
; Type                ; Total [A + B]       ; From Design Partitions [A] ; From Rapid Recompile [B] ;
+---------------------+---------------------+----------------------------+--------------------------+
; Placement (by node) ;                     ;                            ;                          ;
;     -- Requested    ; 0.00 % ( 0 / 1097 ) ; 0.00 % ( 0 / 1097 )        ; 0.00 % ( 0 / 1097 )      ;
;     -- Achieved     ; 0.00 % ( 0 / 1097 ) ; 0.00 % ( 0 / 1097 )        ; 0.00 % ( 0 / 1097 )      ;
;                     ;                     ;                            ;                          ;
; Routing (by net)    ;                     ;                            ;                          ;
;     -- Requested    ; 0.00 % ( 0 / 0 )    ; 0.00 % ( 0 / 0 )           ; 0.00 % ( 0 / 0 )         ;
;     -- Achieved     ; 0.00 % ( 0 / 0 )    ; 0.00 % ( 0 / 0 )           ; 0.00 % ( 0 / 0 )         ;
+---------------------+---------------------+----------------------------+--------------------------+


+----------------------------------------------------------------------------------------------------------------------------------------------------------------------------------------+
; Incremental Compilation Partition Settings                                                                                                                                             ;
+--------------------------------+----------------+-------------------+-------------------------+------------------------+------------------------------+--------------------------------+
; Partition Name                 ; Partition Type ; Netlist Type Used ; Preservation Level Used ; Netlist Type Requested ; Preservation Level Requested ; Contents                       ;
+--------------------------------+----------------+-------------------+-------------------------+------------------------+------------------------------+--------------------------------+
; Top                            ; User-created   ; Source File       ; N/A                     ; Source File            ; N/A                          ;                                ;
; hard_block:auto_generated_inst ; Auto-generated ; Source File       ; N/A                     ; Source File            ; N/A                          ; hard_block:auto_generated_inst ;
+--------------------------------+----------------+-------------------+-------------------------+------------------------+------------------------------+--------------------------------+


+------------------------------------------------------------------------------------------------------------------------------------+
; Incremental Compilation Placement Preservation                                                                                     ;
+--------------------------------+-----------------------+-------------------------+-------------------+---------------------+-------+
; Partition Name                 ; Preservation Achieved ; Preservation Level Used ; Netlist Type Used ; Preservation Method ; Notes ;
+--------------------------------+-----------------------+-------------------------+-------------------+---------------------+-------+
; Top                            ; 0.00 % ( 0 / 1097 )   ; N/A                     ; Source File       ; N/A                 ;       ;
; hard_block:auto_generated_inst ; 0.00 % ( 0 / 0 )      ; N/A                     ; Source File       ; N/A                 ;       ;
+--------------------------------+-----------------------+-------------------------+-------------------+---------------------+-------+


+--------------+
; Pin-Out File ;
+--------------+
The pin-out file can be found in C:/ADD_Projects/FinalProject_PrimeNumGuess/syn/output_files/FinalProject_PrimeNumGuessingGame.pin.


+------------------------------------------------------------------------------------------+
; Fitter Resource Usage Summary                                                            ;
+-------------------------------------------------------------+--------------------+-------+
; Resource                                                    ; Usage              ; %     ;
+-------------------------------------------------------------+--------------------+-------+
; Logic utilization (ALMs needed / total ALMs on device)      ; 318 / 18,480       ; 2 %   ;
; ALMs needed [=A-B+C]                                        ; 318                ;       ;
;     [A] ALMs used in final placement [=a+b+c+d]             ; 326 / 18,480       ; 2 %   ;
;         [a] ALMs used for LUT logic and registers           ; 163                ;       ;
;         [b] ALMs used for LUT logic                         ; 145                ;       ;
;         [c] ALMs used for registers                         ; 18                 ;       ;
;         [d] ALMs used for memory (up to half of total ALMs) ; 0                  ;       ;
;     [B] Estimate of ALMs recoverable by dense packing       ; 8 / 18,480         ; < 1 % ;
;     [C] Estimate of ALMs unavailable [=a+b+c+d]             ; 0 / 18,480         ; 0 %   ;
;         [a] Due to location constrained logic               ; 0                  ;       ;
;         [b] Due to LAB-wide signal conflicts                ; 0                  ;       ;
;         [c] Due to LAB input limits                         ; 0                  ;       ;
;         [d] Due to virtual I/Os                             ; 0                  ;       ;
;                                                             ;                    ;       ;
; Difficulty packing design                                   ; Low                ;       ;
;                                                             ;                    ;       ;
; Total LABs:  partially or completely used                   ; 40 / 1,848         ; 2 %   ;
;     -- Logic LABs                                           ; 40                 ;       ;
;     -- Memory LABs (up to half of total LABs)               ; 0                  ;       ;
;                                                             ;                    ;       ;
; Combinational ALUT usage for logic                          ; 543                ;       ;
;     -- 7 input functions                                    ; 5                  ;       ;
;     -- 6 input functions                                    ; 100                ;       ;
;     -- 5 input functions                                    ; 64                 ;       ;
;     -- 4 input functions                                    ; 157                ;       ;
;     -- <=3 input functions                                  ; 217                ;       ;
; Combinational ALUT usage for route-throughs                 ; 3                  ;       ;
;                                                             ;                    ;       ;
; Dedicated logic registers                                   ; 363                ;       ;
;     -- By type:                                             ;                    ;       ;
;         -- Primary logic registers                          ; 361 / 36,960       ; < 1 % ;
;         -- Secondary logic registers                        ; 2 / 36,960         ; < 1 % ;
;     -- By function:                                         ;                    ;       ;
;         -- Design implementation registers                  ; 363                ;       ;
;         -- Routing optimization registers                   ; 0                  ;       ;
;                                                             ;                    ;       ;
; Virtual pins                                                ; 0                  ;       ;
; I/O pins                                                    ; 67 / 224           ; 30 %  ;
;     -- Clock pins                                           ; 4 / 9              ; 44 %  ;
;     -- Dedicated input pins                                 ; 0 / 11             ; 0 %   ;
;                                                             ;                    ;       ;
; M10K blocks                                                 ; 4 / 308            ; 1 %   ;
; Total MLAB memory bits                                      ; 0                  ;       ;
; Total block memory bits                                     ; 832 / 3,153,920    ; < 1 % ;
; Total block memory implementation bits                      ; 40,960 / 3,153,920 ; 1 %   ;
;                                                             ;                    ;       ;
; Total DSP Blocks                                            ; 0 / 66             ; 0 %   ;
;                                                             ;                    ;       ;
; Fractional PLLs                                             ; 0 / 4              ; 0 %   ;
; Global signals                                              ; 1                  ;       ;
;     -- Global clocks                                        ; 1 / 16             ; 6 %   ;
;     -- Quadrant clocks                                      ; 0 / 88             ; 0 %   ;
; SERDES Transmitters                                         ; 0 / 68             ; 0 %   ;
; SERDES Receivers                                            ; 0 / 68             ; 0 %   ;
; JTAGs                                                       ; 0 / 1              ; 0 %   ;
; ASMI blocks                                                 ; 0 / 1              ; 0 %   ;
; CRC blocks                                                  ; 0 / 1              ; 0 %   ;
; Remote update blocks                                        ; 0 / 1              ; 0 %   ;
; Oscillator blocks                                           ; 0 / 1              ; 0 %   ;
; Impedance control blocks                                    ; 0 / 3              ; 0 %   ;
; Average interconnect usage (total/H/V)                      ; 0.5% / 0.5% / 0.3% ;       ;
; Peak interconnect usage (total/H/V)                         ; 5.1% / 5.7% / 3.4% ;       ;
; Maximum fan-out                                             ; 367                ;       ;
; Highest non-global fan-out                                  ; 327                ;       ;
; Total fan-out                                               ; 3389               ;       ;
; Average fan-out                                             ; 3.23               ;       ;
+-------------------------------------------------------------+--------------------+-------+


+----------------------------------------------------------------------------------------------------------------------+
; Fitter Partition Statistics                                                                                          ;
+-------------------------------------------------------------+-----------------------+--------------------------------+
; Statistic                                                   ; Top                   ; hard_block:auto_generated_inst ;
+-------------------------------------------------------------+-----------------------+--------------------------------+
; Logic utilization (ALMs needed / total ALMs on device)      ; 318 / 18480 ( 2 % )   ; 0 / 18480 ( 0 % )              ;
; ALMs needed [=A-B+C]                                        ; 318                   ; 0                              ;
;     [A] ALMs used in final placement [=a+b+c+d]             ; 326 / 18480 ( 2 % )   ; 0 / 18480 ( 0 % )              ;
;         [a] ALMs used for LUT logic and registers           ; 163                   ; 0                              ;
;         [b] ALMs used for LUT logic                         ; 145                   ; 0                              ;
;         [c] ALMs used for registers                         ; 18                    ; 0                              ;
;         [d] ALMs used for memory (up to half of total ALMs) ; 0                     ; 0                              ;
;     [B] Estimate of ALMs recoverable by dense packing       ; 8 / 18480 ( < 1 % )   ; 0 / 18480 ( 0 % )              ;
;     [C] Estimate of ALMs unavailable [=a+b+c+d]             ; 0 / 18480 ( 0 % )     ; 0 / 18480 ( 0 % )              ;
;         [a] Due to location constrained logic               ; 0                     ; 0                              ;
;         [b] Due to LAB-wide signal conflicts                ; 0                     ; 0                              ;
;         [c] Due to LAB input limits                         ; 0                     ; 0                              ;
;         [d] Due to virtual I/Os                             ; 0                     ; 0                              ;
;                                                             ;                       ;                                ;
; Difficulty packing design                                   ; Low                   ; Low                            ;
;                                                             ;                       ;                                ;
; Total LABs:  partially or completely used                   ; 40 / 1848 ( 2 % )     ; 0 / 1848 ( 0 % )               ;
;     -- Logic LABs                                           ; 40                    ; 0                              ;
;     -- Memory LABs (up to half of total LABs)               ; 0                     ; 0                              ;
;                                                             ;                       ;                                ;
; Combinational ALUT usage for logic                          ; 543                   ; 0                              ;
;     -- 7 input functions                                    ; 5                     ; 0                              ;
;     -- 6 input functions                                    ; 100                   ; 0                              ;
;     -- 5 input functions                                    ; 64                    ; 0                              ;
;     -- 4 input functions                                    ; 157                   ; 0                              ;
;     -- <=3 input functions                                  ; 217                   ; 0                              ;
; Combinational ALUT usage for route-throughs                 ; 3                     ; 0                              ;
; Memory ALUT usage                                           ; 0                     ; 0                              ;
;     -- 64-address deep                                      ; 0                     ; 0                              ;
;     -- 32-address deep                                      ; 0                     ; 0                              ;
;                                                             ;                       ;                                ;
; Dedicated logic registers                                   ; 0                     ; 0                              ;
;     -- By type:                                             ;                       ;                                ;
;         -- Primary logic registers                          ; 361 / 36960 ( < 1 % ) ; 0 / 36960 ( 0 % )              ;
;         -- Secondary logic registers                        ; 2 / 36960 ( < 1 % )   ; 0 / 36960 ( 0 % )              ;
;     -- By function:                                         ;                       ;                                ;
;         -- Design implementation registers                  ; 363                   ; 0                              ;
;         -- Routing optimization registers                   ; 0                     ; 0                              ;
;                                                             ;                       ;                                ;
;                                                             ;                       ;                                ;
; Virtual pins                                                ; 0                     ; 0                              ;
; I/O pins                                                    ; 67                    ; 0                              ;
; I/O registers                                               ; 0                     ; 0                              ;
; Total block memory bits                                     ; 832                   ; 0                              ;
; Total block memory implementation bits                      ; 40960                 ; 0                              ;
; M10K block                                                  ; 4 / 308 ( 1 % )       ; 0 / 308 ( 0 % )                ;
; Clock enable block                                          ; 1 / 104 ( < 1 % )     ; 0 / 104 ( 0 % )                ;
;                                                             ;                       ;                                ;
; Connections                                                 ;                       ;                                ;
;     -- Input Connections                                    ; 0                     ; 0                              ;
;     -- Registered Input Connections                         ; 0                     ; 0                              ;
;     -- Output Connections                                   ; 0                     ; 0                              ;
;     -- Registered Output Connections                        ; 0                     ; 0                              ;
;                                                             ;                       ;                                ;
; Internal Connections                                        ;                       ;                                ;
;     -- Total Connections                                    ; 3390                  ; 0                              ;
;     -- Registered Connections                               ; 1452                  ; 0                              ;
;                                                             ;                       ;                                ;
; External Connections                                        ;                       ;                                ;
;     -- Top                                                  ; 0                     ; 0                              ;
;     -- hard_block:auto_generated_inst                       ; 0                     ; 0                              ;
;                                                             ;                       ;                                ;
; Partition Interface                                         ;                       ;                                ;
;     -- Input Ports                                          ; 13                    ; 0                              ;
;     -- Output Ports                                         ; 54                    ; 0                              ;
;     -- Bidir Ports                                          ; 0                     ; 0                              ;
;                                                             ;                       ;                                ;
; Registered Ports                                            ;                       ;                                ;
;     -- Registered Input Ports                               ; 0                     ; 0                              ;
;     -- Registered Output Ports                              ; 0                     ; 0                              ;
;                                                             ;                       ;                                ;
; Port Connectivity                                           ;                       ;                                ;
;     -- Input Ports driven by GND                            ; 0                     ; 0                              ;
;     -- Output Ports driven by GND                           ; 0                     ; 0                              ;
;     -- Input Ports driven by VCC                            ; 0                     ; 0                              ;
;     -- Output Ports driven by VCC                           ; 0                     ; 0                              ;
;     -- Input Ports with no Source                           ; 0                     ; 0                              ;
;     -- Output Ports with no Source                          ; 0                     ; 0                              ;
;     -- Input Ports with no Fanout                           ; 0                     ; 0                              ;
;     -- Output Ports with no Fanout                          ; 0                     ; 0                              ;
+-------------------------------------------------------------+-----------------------+--------------------------------+


+--------------------------------------------------------------------------------------------------------------------------------------------------------------------------------------------------------------------------------------------------------------------------------------------------------+
; Input Pins                                                                                                                                                                                                                                                                                             ;
+-------------------------+-------+----------+--------------+--------------+--------------+-----------------------+--------------------+--------+----------------+-----------------+----------+--------------+--------------+-------------+---------------------------+----------------------+-----------+
; Name                    ; Pin # ; I/O Bank ; X coordinate ; Y coordinate ; Z coordinate ; Combinational Fan-Out ; Registered Fan-Out ; Global ; Input Register ; PCI I/O Enabled ; Bus Hold ; Weak Pull Up ; I/O Standard ; Termination ; Termination Control Block ; Location assigned by ; Slew Rate ;
+-------------------------+-------+----------+--------------+--------------+--------------+-----------------------+--------------------+--------+----------------+-----------------+----------+--------------+--------------+-------------+---------------------------+----------------------+-----------+
; Level_Button            ; M6    ; 3A       ; 14           ; 0            ; 17           ; 2                     ; 0                  ; no     ; no             ; no              ; no       ; Off          ; 2.5 V        ; Off         ; --                        ; User                 ; no        ;
; PasswordGameStartButton ; W9    ; 3A       ; 11           ; 0            ; 34           ; 2                     ; 0                  ; no     ; no             ; no              ; no       ; Off          ; 2.5 V        ; Off         ; --                        ; User                 ; no        ;
; Password_Switch[0]      ; AA14  ; 4A       ; 34           ; 0            ; 51           ; 10                    ; 0                  ; no     ; no             ; no              ; no       ; Off          ; 2.5 V        ; Off         ; --                        ; User                 ; no        ;
; Password_Switch[1]      ; AA13  ; 4A       ; 34           ; 0            ; 34           ; 10                    ; 0                  ; no     ; no             ; no              ; no       ; Off          ; 2.5 V        ; Off         ; --                        ; User                 ; no        ;
; Password_Switch[2]      ; AB13  ; 4A       ; 33           ; 0            ; 91           ; 10                    ; 0                  ; no     ; no             ; no              ; no       ; Off          ; 2.5 V        ; Off         ; --                        ; User                 ; no        ;
; Password_Switch[3]      ; AB12  ; 4A       ; 33           ; 0            ; 74           ; 10                    ; 0                  ; no     ; no             ; no              ; no       ; Off          ; 2.5 V        ; Off         ; --                        ; User                 ; no        ;
; Player_LoadButton       ; M7    ; 3A       ; 14           ; 0            ; 0            ; 2                     ; 0                  ; no     ; no             ; no              ; no       ; Off          ; 2.5 V        ; Off         ; --                        ; User                 ; no        ;
; Player_Switch[0]        ; U13   ; 4A       ; 33           ; 0            ; 40           ; 2                     ; 0                  ; no     ; no             ; no              ; no       ; Off          ; 2.5 V        ; Off         ; --                        ; User                 ; no        ;
; Player_Switch[1]        ; V13   ; 4A       ; 33           ; 0            ; 57           ; 4                     ; 0                  ; no     ; no             ; no              ; no       ; Off          ; 2.5 V        ; Off         ; --                        ; User                 ; no        ;
; Player_Switch[2]        ; T13   ; 4A       ; 34           ; 0            ; 0            ; 4                     ; 0                  ; no     ; no             ; no              ; no       ; Off          ; 2.5 V        ; Off         ; --                        ; User                 ; no        ;
; Player_Switch[3]        ; T12   ; 4A       ; 34           ; 0            ; 17           ; 6                     ; 0                  ; no     ; no             ; no              ; no       ; Off          ; 2.5 V        ; Off         ; --                        ; User                 ; no        ;
; clk                     ; M9    ; 3B       ; 22           ; 0            ; 0            ; 367                   ; 0                  ; yes    ; no             ; no              ; no       ; Off          ; 2.5 V        ; Off         ; --                        ; User                 ; no        ;
; rst                     ; U7    ; 3A       ; 10           ; 0            ; 91           ; 327                   ; 0                  ; no     ; no             ; no              ; no       ; Off          ; 2.5 V        ; Off         ; --                        ; User                 ; no        ;
+-------------------------+-------+----------+--------------+--------------+--------------+-----------------------+--------------------+--------+----------------+-----------------+----------+--------------+--------------+-------------+---------------------------+----------------------+-----------+


+-----------------------------------------------------------------------------------------------------------------------------------------------------------------------------------------------------------------------------------------------------------------------------------------------------------------------------------------------------------------------------------------------------------------------------------------------------------------------------------------------------------+
; Output Pins                                                                                                                                                                                                                                                                                                                                                                                                                                                                                               ;
+----------------------+-------+----------+--------------+--------------+--------------+-----------------+------------------------+-----------+-----------------+------------+---------------+----------+--------------+--------------+------------------+-----------------------------------+---------------------------+----------------------------+-----------------------------+---------------------+-----------------------------+----------------------+----------------------+---------------------+
; Name                 ; Pin # ; I/O Bank ; X coordinate ; Y coordinate ; Z coordinate ; Output Register ; Output Enable Register ; Slew Rate ; PCI I/O Enabled ; Open Drain ; TRI Primitive ; Bus Hold ; Weak Pull Up ; I/O Standard ; Current Strength ; Termination                       ; Termination Control Block ; Output Buffer Pre-emphasis ; Voltage Output Differential ; Output Buffer Delay ; Output Buffer Delay Control ; Location assigned by ; Output Enable Source ; Output Enable Group ;
+----------------------+-------+----------+--------------+--------------+--------------+-----------------+------------------------+-----------+-----------------+------------+---------------+----------+--------------+--------------+------------------+-----------------------------------+---------------------------+----------------------------+-----------------------------+---------------------+-----------------------------+----------------------+----------------------+---------------------+
; GameLeft_Display[0]  ; AA20  ; 4A       ; 44           ; 0            ; 34           ; no              ; no                     ; 1         ; no              ; no         ; no            ; no       ; Off          ; 2.5 V        ; Default          ; Series 50 Ohm without Calibration ; --                        ; no                         ; no                          ; 0                   ; Off                         ; User                 ; -                    ; -                   ;
; GameLeft_Display[1]  ; AB20  ; 4A       ; 40           ; 0            ; 91           ; no              ; no                     ; 1         ; no              ; no         ; no            ; no       ; Off          ; 2.5 V        ; Default          ; Series 50 Ohm without Calibration ; --                        ; no                         ; no                          ; 0                   ; Off                         ; User                 ; -                    ; -                   ;
; GameLeft_Display[2]  ; AA19  ; 4A       ; 44           ; 0            ; 51           ; no              ; no                     ; 1         ; no              ; no         ; no            ; no       ; Off          ; 2.5 V        ; Default          ; Series 50 Ohm without Calibration ; --                        ; no                         ; no                          ; 0                   ; Off                         ; User                 ; -                    ; -                   ;
; GameLeft_Display[3]  ; AA18  ; 4A       ; 43           ; 0            ; 34           ; no              ; no                     ; 1         ; no              ; no         ; no            ; no       ; Off          ; 2.5 V        ; Default          ; Series 50 Ohm without Calibration ; --                        ; no                         ; no                          ; 0                   ; Off                         ; User                 ; -                    ; -                   ;
; GameLeft_Display[4]  ; AB18  ; 4A       ; 38           ; 0            ; 34           ; no              ; no                     ; 1         ; no              ; no         ; no            ; no       ; Off          ; 2.5 V        ; Default          ; Series 50 Ohm without Calibration ; --                        ; no                         ; no                          ; 0                   ; Off                         ; User                 ; -                    ; -                   ;
; GameLeft_Display[5]  ; AA17  ; 4A       ; 43           ; 0            ; 51           ; no              ; no                     ; 1         ; no              ; no         ; no            ; no       ; Off          ; 2.5 V        ; Default          ; Series 50 Ohm without Calibration ; --                        ; no                         ; no                          ; 0                   ; Off                         ; User                 ; -                    ; -                   ;
; GameLeft_Display[6]  ; U22   ; 4A       ; 51           ; 0            ; 51           ; no              ; no                     ; 1         ; no              ; no         ; no            ; no       ; Off          ; 2.5 V        ; Default          ; Series 50 Ohm without Calibration ; --                        ; no                         ; no                          ; 0                   ; Off                         ; User                 ; -                    ; -                   ;
; GameRight_Display[0] ; U21   ; 4A       ; 52           ; 0            ; 51           ; no              ; no                     ; 1         ; no              ; no         ; no            ; no       ; Off          ; 2.5 V        ; Default          ; Series 50 Ohm without Calibration ; --                        ; no                         ; no                          ; 0                   ; Off                         ; User                 ; -                    ; -                   ;
; GameRight_Display[1] ; V21   ; 4A       ; 51           ; 0            ; 34           ; no              ; no                     ; 1         ; no              ; no         ; no            ; no       ; Off          ; 2.5 V        ; Default          ; Series 50 Ohm without Calibration ; --                        ; no                         ; no                          ; 0                   ; Off                         ; User                 ; -                    ; -                   ;
; GameRight_Display[2] ; W22   ; 4A       ; 48           ; 0            ; 74           ; no              ; no                     ; 1         ; no              ; no         ; no            ; no       ; Off          ; 2.5 V        ; Default          ; Series 50 Ohm without Calibration ; --                        ; no                         ; no                          ; 0                   ; Off                         ; User                 ; -                    ; -                   ;
; GameRight_Display[3] ; W21   ; 4A       ; 50           ; 0            ; 34           ; no              ; no                     ; 1         ; no              ; no         ; no            ; no       ; Off          ; 2.5 V        ; Default          ; Series 50 Ohm without Calibration ; --                        ; no                         ; no                          ; 0                   ; Off                         ; User                 ; -                    ; -                   ;
; GameRight_Display[4] ; Y22   ; 4A       ; 48           ; 0            ; 91           ; no              ; no                     ; 1         ; no              ; no         ; no            ; no       ; Off          ; 2.5 V        ; Default          ; Series 50 Ohm without Calibration ; --                        ; no                         ; no                          ; 0                   ; Off                         ; User                 ; -                    ; -                   ;
; GameRight_Display[5] ; Y21   ; 4A       ; 50           ; 0            ; 51           ; no              ; no                     ; 1         ; no              ; no         ; no            ; no       ; Off          ; 2.5 V        ; Default          ; Series 50 Ohm without Calibration ; --                        ; no                         ; no                          ; 0                   ; Off                         ; User                 ; -                    ; -                   ;
; GameRight_Display[6] ; AA22  ; 4A       ; 46           ; 0            ; 34           ; no              ; no                     ; 1         ; no              ; no         ; no            ; no       ; Off          ; 2.5 V        ; Default          ; Series 50 Ohm without Calibration ; --                        ; no                         ; no                          ; 0                   ; Off                         ; User                 ; -                    ; -                   ;
; LEDs[0]              ; AA2   ; 2A       ; 0            ; 18           ; 77           ; no              ; no                     ; 1         ; no              ; no         ; no            ; no       ; Off          ; 2.5 V        ; Default          ; Series 50 Ohm without Calibration ; --                        ; no                         ; no                          ; 0                   ; Off                         ; User                 ; -                    ; -                   ;
; LEDs[1]              ; AA1   ; 2A       ; 0            ; 18           ; 94           ; no              ; no                     ; 1         ; no              ; no         ; no            ; no       ; Off          ; 2.5 V        ; Default          ; Series 50 Ohm without Calibration ; --                        ; no                         ; no                          ; 0                   ; Off                         ; User                 ; -                    ; -                   ;
; LEDs[2]              ; W2    ; 2A       ; 0            ; 18           ; 60           ; no              ; no                     ; 1         ; no              ; no         ; no            ; no       ; Off          ; 2.5 V        ; Default          ; Series 50 Ohm without Calibration ; --                        ; no                         ; no                          ; 0                   ; Off                         ; User                 ; -                    ; -                   ;
; LEDs[3]              ; Y3    ; 2A       ; 0            ; 18           ; 43           ; no              ; no                     ; 1         ; no              ; no         ; no            ; no       ; Off          ; 2.5 V        ; Default          ; Series 50 Ohm without Calibration ; --                        ; no                         ; no                          ; 0                   ; Off                         ; User                 ; -                    ; -                   ;
; LEDs[4]              ; N2    ; 2A       ; 0            ; 19           ; 37           ; no              ; no                     ; 1         ; no              ; no         ; no            ; no       ; Off          ; 2.5 V        ; Default          ; Series 50 Ohm without Calibration ; --                        ; no                         ; no                          ; 0                   ; Off                         ; User                 ; -                    ; -                   ;
; LEDs[5]              ; N1    ; 2A       ; 0            ; 19           ; 54           ; no              ; no                     ; 1         ; no              ; no         ; no            ; no       ; Off          ; 2.5 V        ; Default          ; Series 50 Ohm without Calibration ; --                        ; no                         ; no                          ; 0                   ; Off                         ; User                 ; -                    ; -                   ;
; LEDs[6]              ; U2    ; 2A       ; 0            ; 19           ; 3            ; no              ; no                     ; 1         ; no              ; no         ; no            ; no       ; Off          ; 2.5 V        ; Default          ; Series 50 Ohm without Calibration ; --                        ; no                         ; no                          ; 0                   ; Off                         ; User                 ; -                    ; -                   ;
; LEDs[7]              ; U1    ; 2A       ; 0            ; 19           ; 20           ; no              ; no                     ; 1         ; no              ; no         ; no            ; no       ; Off          ; 2.5 V        ; Default          ; Series 50 Ohm without Calibration ; --                        ; no                         ; no                          ; 0                   ; Off                         ; User                 ; -                    ; -                   ;
; LEDs[8]              ; L2    ; 2A       ; 0            ; 20           ; 37           ; no              ; no                     ; 1         ; no              ; no         ; no            ; no       ; Off          ; 2.5 V        ; Default          ; Series 50 Ohm without Calibration ; --                        ; no                         ; no                          ; 0                   ; Off                         ; User                 ; -                    ; -                   ;
; LEDs[9]              ; L1    ; 2A       ; 0            ; 20           ; 54           ; no              ; no                     ; 1         ; no              ; no         ; no            ; no       ; Off          ; 2.5 V        ; Default          ; Series 50 Ohm without Calibration ; --                        ; no                         ; no                          ; 0                   ; Off                         ; User                 ; -                    ; -                   ;
; Logged_In_LED        ; T8    ; 3A       ; 12           ; 0            ; 0            ; no              ; no                     ; 1         ; no              ; no         ; no            ; no       ; Off          ; 2.5 V        ; Default          ; Series 50 Ohm without Calibration ; --                        ; no                         ; no                          ; 0                   ; Off                         ; Fitter               ; -                    ; -                   ;
; Logged_Out_LED       ; U8    ; 3A       ; 10           ; 0            ; 74           ; no              ; no                     ; 1         ; no              ; no         ; no            ; no       ; Off          ; 2.5 V        ; Default          ; Series 50 Ohm without Calibration ; --                        ; no                         ; no                          ; 0                   ; Off                         ; Fitter               ; -                    ; -                   ;
; ScoreOnes_Display[0] ; Y19   ; 4A       ; 48           ; 0            ; 40           ; no              ; no                     ; 1         ; no              ; no         ; no            ; no       ; Off          ; 2.5 V        ; Default          ; Series 50 Ohm without Calibration ; --                        ; no                         ; no                          ; 0                   ; Off                         ; User                 ; -                    ; -                   ;
; ScoreOnes_Display[1] ; AB17  ; 4A       ; 38           ; 0            ; 51           ; no              ; no                     ; 1         ; no              ; no         ; no            ; no       ; Off          ; 2.5 V        ; Default          ; Series 50 Ohm without Calibration ; --                        ; no                         ; no                          ; 0                   ; Off                         ; User                 ; -                    ; -                   ;
; ScoreOnes_Display[2] ; AA10  ; 3B       ; 22           ; 0            ; 51           ; no              ; no                     ; 1         ; no              ; no         ; no            ; no       ; Off          ; 2.5 V        ; Default          ; Series 50 Ohm without Calibration ; --                        ; no                         ; no                          ; 0                   ; Off                         ; User                 ; -                    ; -                   ;
; ScoreOnes_Display[3] ; Y14   ; 4A       ; 36           ; 0            ; 17           ; no              ; no                     ; 1         ; no              ; no         ; no            ; no       ; Off          ; 2.5 V        ; Default          ; Series 50 Ohm without Calibration ; --                        ; no                         ; no                          ; 0                   ; Off                         ; User                 ; -                    ; -                   ;
; ScoreOnes_Display[4] ; V14   ; 4A       ; 38           ; 0            ; 17           ; no              ; no                     ; 1         ; no              ; no         ; no            ; no       ; Off          ; 2.5 V        ; Default          ; Series 50 Ohm without Calibration ; --                        ; no                         ; no                          ; 0                   ; Off                         ; User                 ; -                    ; -                   ;
; ScoreOnes_Display[5] ; AB22  ; 4A       ; 46           ; 0            ; 51           ; no              ; no                     ; 1         ; no              ; no         ; no            ; no       ; Off          ; 2.5 V        ; Default          ; Series 50 Ohm without Calibration ; --                        ; no                         ; no                          ; 0                   ; Off                         ; User                 ; -                    ; -                   ;
; ScoreOnes_Display[6] ; AB21  ; 4A       ; 40           ; 0            ; 74           ; no              ; no                     ; 1         ; no              ; no         ; no            ; no       ; Off          ; 2.5 V        ; Default          ; Series 50 Ohm without Calibration ; --                        ; no                         ; no                          ; 0                   ; Off                         ; User                 ; -                    ; -                   ;
; ScoreTens_Display[0] ; Y16   ; 4A       ; 40           ; 0            ; 57           ; no              ; no                     ; 1         ; no              ; no         ; no            ; no       ; Off          ; 2.5 V        ; Default          ; Series 50 Ohm without Calibration ; --                        ; no                         ; no                          ; 0                   ; Off                         ; User                 ; -                    ; -                   ;
; ScoreTens_Display[1] ; W16   ; 4A       ; 46           ; 0            ; 0            ; no              ; no                     ; 1         ; no              ; no         ; no            ; no       ; Off          ; 2.5 V        ; Default          ; Series 50 Ohm without Calibration ; --                        ; no                         ; no                          ; 0                   ; Off                         ; User                 ; -                    ; -                   ;
; ScoreTens_Display[2] ; Y17   ; 4A       ; 40           ; 0            ; 40           ; no              ; no                     ; 1         ; no              ; no         ; no            ; no       ; Off          ; 2.5 V        ; Default          ; Series 50 Ohm without Calibration ; --                        ; no                         ; no                          ; 0                   ; Off                         ; User                 ; -                    ; -                   ;
; ScoreTens_Display[3] ; V16   ; 4A       ; 46           ; 0            ; 17           ; no              ; no                     ; 1         ; no              ; no         ; no            ; no       ; Off          ; 2.5 V        ; Default          ; Series 50 Ohm without Calibration ; --                        ; no                         ; no                          ; 0                   ; Off                         ; User                 ; -                    ; -                   ;
; ScoreTens_Display[4] ; U17   ; 4A       ; 52           ; 0            ; 0            ; no              ; no                     ; 1         ; no              ; no         ; no            ; no       ; Off          ; 2.5 V        ; Default          ; Series 50 Ohm without Calibration ; --                        ; no                         ; no                          ; 0                   ; Off                         ; User                 ; -                    ; -                   ;
; ScoreTens_Display[5] ; V18   ; 4A       ; 51           ; 0            ; 0            ; no              ; no                     ; 1         ; no              ; no         ; no            ; no       ; Off          ; 2.5 V        ; Default          ; Series 50 Ohm without Calibration ; --                        ; no                         ; no                          ; 0                   ; Off                         ; User                 ; -                    ; -                   ;
; ScoreTens_Display[6] ; V19   ; 4A       ; 51           ; 0            ; 17           ; no              ; no                     ; 1         ; no              ; no         ; no            ; no       ; Off          ; 2.5 V        ; Default          ; Series 50 Ohm without Calibration ; --                        ; no                         ; no                          ; 0                   ; Off                         ; User                 ; -                    ; -                   ;
; TimerOnes_Display[0] ; U20   ; 4A       ; 52           ; 0            ; 34           ; no              ; no                     ; 1         ; no              ; no         ; no            ; no       ; Off          ; 2.5 V        ; Default          ; Series 50 Ohm without Calibration ; --                        ; no                         ; no                          ; 0                   ; Off                         ; User                 ; -                    ; -                   ;
; TimerOnes_Display[1] ; Y20   ; 4A       ; 48           ; 0            ; 57           ; no              ; no                     ; 1         ; no              ; no         ; no            ; no       ; Off          ; 2.5 V        ; Default          ; Series 50 Ohm without Calibration ; --                        ; no                         ; no                          ; 0                   ; Off                         ; User                 ; -                    ; -                   ;
; TimerOnes_Display[2] ; V20   ; 4A       ; 44           ; 0            ; 17           ; no              ; no                     ; 1         ; no              ; no         ; no            ; no       ; Off          ; 2.5 V        ; Default          ; Series 50 Ohm without Calibration ; --                        ; no                         ; no                          ; 0                   ; Off                         ; User                 ; -                    ; -                   ;
; TimerOnes_Display[3] ; U16   ; 4A       ; 52           ; 0            ; 17           ; no              ; no                     ; 1         ; no              ; no         ; no            ; no       ; Off          ; 2.5 V        ; Default          ; Series 50 Ohm without Calibration ; --                        ; no                         ; no                          ; 0                   ; Off                         ; User                 ; -                    ; -                   ;
; TimerOnes_Display[4] ; U15   ; 4A       ; 43           ; 0            ; 0            ; no              ; no                     ; 1         ; no              ; no         ; no            ; no       ; Off          ; 2.5 V        ; Default          ; Series 50 Ohm without Calibration ; --                        ; no                         ; no                          ; 0                   ; Off                         ; User                 ; -                    ; -                   ;
; TimerOnes_Display[5] ; Y15   ; 4A       ; 36           ; 0            ; 0            ; no              ; no                     ; 1         ; no              ; no         ; no            ; no       ; Off          ; 2.5 V        ; Default          ; Series 50 Ohm without Calibration ; --                        ; no                         ; no                          ; 0                   ; Off                         ; User                 ; -                    ; -                   ;
; TimerOnes_Display[6] ; P9    ; 3B       ; 29           ; 0            ; 17           ; no              ; no                     ; 1         ; no              ; no         ; no            ; no       ; Off          ; 2.5 V        ; Default          ; Series 50 Ohm without Calibration ; --                        ; no                         ; no                          ; 0                   ; Off                         ; User                 ; -                    ; -                   ;
; TimerTens_Display[0] ; N9    ; 3B       ; 29           ; 0            ; 0            ; no              ; no                     ; 1         ; no              ; no         ; no            ; no       ; Off          ; 2.5 V        ; Default          ; Series 50 Ohm without Calibration ; --                        ; no                         ; no                          ; 0                   ; Off                         ; User                 ; -                    ; -                   ;
; TimerTens_Display[1] ; M8    ; 3B       ; 22           ; 0            ; 17           ; no              ; no                     ; 1         ; no              ; no         ; no            ; no       ; Off          ; 2.5 V        ; Default          ; Series 50 Ohm without Calibration ; --                        ; no                         ; no                          ; 0                   ; Off                         ; User                 ; -                    ; -                   ;
; TimerTens_Display[2] ; T14   ; 4A       ; 43           ; 0            ; 17           ; no              ; no                     ; 1         ; no              ; no         ; no            ; no       ; Off          ; 2.5 V        ; Default          ; Series 50 Ohm without Calibration ; --                        ; no                         ; no                          ; 0                   ; Off                         ; User                 ; -                    ; -                   ;
; TimerTens_Display[3] ; P14   ; 4A       ; 50           ; 0            ; 17           ; no              ; no                     ; 1         ; no              ; no         ; no            ; no       ; Off          ; 2.5 V        ; Default          ; Series 50 Ohm without Calibration ; --                        ; no                         ; no                          ; 0                   ; Off                         ; User                 ; -                    ; -                   ;
; TimerTens_Display[4] ; C1    ; 2A       ; 0            ; 21           ; 54           ; no              ; no                     ; 1         ; no              ; no         ; no            ; no       ; Off          ; 2.5 V        ; Default          ; Series 50 Ohm without Calibration ; --                        ; no                         ; no                          ; 0                   ; Off                         ; User                 ; -                    ; -                   ;
; TimerTens_Display[5] ; C2    ; 2A       ; 0            ; 21           ; 37           ; no              ; no                     ; 1         ; no              ; no         ; no            ; no       ; Off          ; 2.5 V        ; Default          ; Series 50 Ohm without Calibration ; --                        ; no                         ; no                          ; 0                   ; Off                         ; User                 ; -                    ; -                   ;
; TimerTens_Display[6] ; W19   ; 4A       ; 44           ; 0            ; 0            ; no              ; no                     ; 1         ; no              ; no         ; no            ; no       ; Off          ; 2.5 V        ; Default          ; Series 50 Ohm without Calibration ; --                        ; no                         ; no                          ; 0                   ; Off                         ; User                 ; -                    ; -                   ;
+----------------------+-------+----------+--------------+--------------+--------------+-----------------+------------------------+-----------+-----------------+------------+---------------+----------+--------------+--------------+------------------+-----------------------------------+---------------------------+----------------------------+-----------------------------+---------------------+-----------------------------+----------------------+----------------------+---------------------+


+----------------------------------------------------------------------------+
; I/O Bank Usage                                                             ;
+----------+------------------+---------------+--------------+---------------+
; I/O Bank ; Usage            ; VCCIO Voltage ; VREF Voltage ; VCCPD Voltage ;
+----------+------------------+---------------+--------------+---------------+
; 2A       ; 12 / 16 ( 75 % ) ; 2.5V          ; --           ; 2.5V          ;
; 3A       ; 6 / 16 ( 38 % )  ; 2.5V          ; --           ; 2.5V          ;
; 3B       ; 5 / 32 ( 16 % )  ; 2.5V          ; --           ; 2.5V          ;
; 4A       ; 44 / 48 ( 92 % ) ; 2.5V          ; --           ; 2.5V          ;
; 5A       ; 0 / 16 ( 0 % )   ; 2.5V          ; --           ; 2.5V          ;
; 5B       ; 0 / 16 ( 0 % )   ; 2.5V          ; --           ; 2.5V          ;
; 7A       ; 0 / 48 ( 0 % )   ; 2.5V          ; --           ; 2.5V          ;
; 8A       ; 0 / 32 ( 0 % )   ; 2.5V          ; --           ; 2.5V          ;
+----------+------------------+---------------+--------------+---------------+


+-------------------------------------------------------------------------------------------------------------------------------------------------------------------+
; All Package Pins                                                                                                                                                  ;
+----------+------------+----------+---------------------------------+--------+--------------+-----------+--------------+-----------------+----------+--------------+
; Location ; Pad Number ; I/O Bank ; Pin Name/Usage                  ; Dir.   ; I/O Standard ; Voltage   ; I/O Type     ; User Assignment ; Bus Hold ; Weak Pull Up ;
+----------+------------+----------+---------------------------------+--------+--------------+-----------+--------------+-----------------+----------+--------------+
; A1       ;            ;          ; GND                             ;        ;              ;           ; --           ;                 ; --       ; --           ;
; A2       ; 288        ; 9A       ; ^MSEL2                          ;        ;              ;           ; --           ;                 ; --       ; --           ;
; A3       ;            ; --       ; VCCBAT                          ; power  ;              ; 1.2V      ; --           ;                 ; --       ; --           ;
; A4       ; 290        ; 9A       ; ^nCONFIG                        ;        ;              ;           ; --           ;                 ; --       ; --           ;
; A5       ; 264        ; 8A       ; RESERVED_INPUT_WITH_WEAK_PULLUP ;        ;              ;           ; Column I/O   ;                 ; no       ; On           ;
; A6       ;            ; 8A       ; VCCIO8A                         ; power  ;              ; 2.5V      ; --           ;                 ; --       ; --           ;
; A7       ; 273        ; 8A       ; RESERVED_INPUT_WITH_WEAK_PULLUP ;        ;              ;           ; Column I/O   ;                 ; no       ; On           ;
; A8       ; 271        ; 8A       ; RESERVED_INPUT_WITH_WEAK_PULLUP ;        ;              ;           ; Column I/O   ;                 ; no       ; On           ;
; A9       ; 262        ; 8A       ; RESERVED_INPUT_WITH_WEAK_PULLUP ;        ;              ;           ; Column I/O   ;                 ; no       ; On           ;
; A10      ; 260        ; 8A       ; RESERVED_INPUT_WITH_WEAK_PULLUP ;        ;              ;           ; Column I/O   ;                 ; no       ; On           ;
; A11      ;            ;          ; GND                             ; gnd    ;              ;           ; --           ;                 ; --       ; --           ;
; A12      ; 242        ; 7A       ; RESERVED_INPUT_WITH_WEAK_PULLUP ;        ;              ;           ; Column I/O   ;                 ; no       ; On           ;
; A13      ; 230        ; 7A       ; RESERVED_INPUT_WITH_WEAK_PULLUP ;        ;              ;           ; Column I/O   ;                 ; no       ; On           ;
; A14      ; 218        ; 7A       ; RESERVED_INPUT_WITH_WEAK_PULLUP ;        ;              ;           ; Column I/O   ;                 ; no       ; On           ;
; A15      ; 216        ; 7A       ; RESERVED_INPUT_WITH_WEAK_PULLUP ;        ;              ;           ; Column I/O   ;                 ; no       ; On           ;
; A16      ;            ; 7A       ; VCCIO7A                         ; power  ;              ; 2.5V      ; --           ;                 ; --       ; --           ;
; A17      ;            ;          ; NC                              ;        ;              ;           ; --           ;                 ; --       ; --           ;
; A18      ;            ;          ; NC                              ;        ;              ;           ; --           ;                 ; --       ; --           ;
; A19      ;            ;          ; NC                              ;        ;              ;           ; --           ;                 ; --       ; --           ;
; A20      ;            ;          ; NC                              ;        ;              ;           ; --           ;                 ; --       ; --           ;
; A21      ;            ;          ; GND                             ; gnd    ;              ;           ; --           ;                 ; --       ; --           ;
; A22      ;            ;          ; NC                              ;        ;              ;           ; --           ;                 ; --       ; --           ;
; AA1      ; 29         ; 2A       ; LEDs[1]                         ; output ; 2.5 V        ;           ; Row I/O      ; Y               ; no       ; Off          ;
; AA2      ; 31         ; 2A       ; LEDs[0]                         ; output ; 2.5 V        ;           ; Row I/O      ; Y               ; no       ; Off          ;
; AA3      ;            ;          ; GND                             ; gnd    ;              ;           ; --           ;                 ; --       ; --           ;
; AA4      ;            ;          ; GND                             ; gnd    ;              ;           ; --           ;                 ; --       ; --           ;
; AA5      ; 53         ; 3A       ; ^AS_DATA2, DATA2                ;        ;              ;           ; Weak Pull Up ;                 ; --       ; On           ;
; AA6      ;            ;          ; GND                             ; gnd    ;              ;           ; --           ;                 ; --       ; --           ;
; AA7      ; 79         ; 3B       ; RESERVED_INPUT_WITH_WEAK_PULLUP ;        ;              ;           ; Column I/O   ;                 ; no       ; On           ;
; AA8      ; 82         ; 3B       ; RESERVED_INPUT_WITH_WEAK_PULLUP ;        ;              ;           ; Column I/O   ;                 ; no       ; On           ;
; AA9      ; 89         ; 3B       ; RESERVED_INPUT_WITH_WEAK_PULLUP ;        ;              ;           ; Column I/O   ;                 ; no       ; On           ;
; AA10     ; 87         ; 3B       ; ScoreOnes_Display[2]            ; output ; 2.5 V        ;           ; Column I/O   ; Y               ; no       ; Off          ;
; AA11     ;            ;          ; GND                             ; gnd    ;              ;           ; --           ;                 ; --       ; --           ;
; AA12     ; 105        ; 3B       ; RESERVED_INPUT_WITH_WEAK_PULLUP ;        ;              ;           ; Column I/O   ;                 ; no       ; On           ;
; AA13     ; 113        ; 4A       ; Password_Switch[1]              ; input  ; 2.5 V        ;           ; Column I/O   ; Y               ; no       ; Off          ;
; AA14     ; 111        ; 4A       ; Password_Switch[0]              ; input  ; 2.5 V        ;           ; Column I/O   ; Y               ; no       ; Off          ;
; AA15     ; 116        ; 4A       ; RESERVED_INPUT_WITH_WEAK_PULLUP ;        ;              ;           ; Column I/O   ;                 ; no       ; On           ;
; AA16     ;            ; 4A       ; VCCIO4A                         ; power  ;              ; 2.5V      ; --           ;                 ; --       ; --           ;
; AA17     ; 127        ; 4A       ; GameLeft_Display[5]             ; output ; 2.5 V        ;           ; Column I/O   ; Y               ; no       ; Off          ;
; AA18     ; 129        ; 4A       ; GameLeft_Display[3]             ; output ; 2.5 V        ;           ; Column I/O   ; Y               ; no       ; Off          ;
; AA19     ; 130        ; 4A       ; GameLeft_Display[2]             ; output ; 2.5 V        ;           ; Column I/O   ; Y               ; no       ; Off          ;
; AA20     ; 132        ; 4A       ; GameLeft_Display[0]             ; output ; 2.5 V        ;           ; Column I/O   ; Y               ; no       ; Off          ;
; AA21     ;            ; 4A       ; VCCIO4A                         ; power  ;              ; 2.5V      ; --           ;                 ; --       ; --           ;
; AA22     ; 137        ; 4A       ; GameRight_Display[6]            ; output ; 2.5 V        ;           ; Column I/O   ; Y               ; no       ; Off          ;
; AB1      ;            ;          ; GND                             ; gnd    ;              ;           ; --           ;                 ; --       ; --           ;
; AB2      ;            ;          ; GND                             ; gnd    ;              ;           ; --           ;                 ; --       ; --           ;
; AB3      ; 55         ; 3A       ; ^AS_DATA1, DATA1                ;        ;              ;           ; Weak Pull Up ;                 ; --       ; On           ;
; AB4      ; 57         ; 3A       ; ^AS_DATA0, ASDO, DATA0          ;        ;              ;           ; Weak Pull Up ;                 ; --       ; On           ;
; AB5      ; 76         ; 3B       ; RESERVED_INPUT_WITH_WEAK_PULLUP ;        ;              ;           ; Column I/O   ;                 ; no       ; On           ;
; AB6      ; 74         ; 3B       ; RESERVED_INPUT_WITH_WEAK_PULLUP ;        ;              ;           ; Column I/O   ;                 ; no       ; On           ;
; AB7      ; 81         ; 3B       ; RESERVED_INPUT_WITH_WEAK_PULLUP ;        ;              ;           ; Column I/O   ;                 ; no       ; On           ;
; AB8      ; 84         ; 3B       ; RESERVED_INPUT_WITH_WEAK_PULLUP ;        ;              ;           ; Column I/O   ;                 ; no       ; On           ;
; AB9      ;            ;          ; GND                             ; gnd    ;              ;           ; --           ;                 ; --       ; --           ;
; AB10     ; 98         ; 3B       ; RESERVED_INPUT_WITH_WEAK_PULLUP ;        ;              ;           ; Column I/O   ;                 ; no       ; On           ;
; AB11     ; 100        ; 3B       ; RESERVED_INPUT_WITH_WEAK_PULLUP ;        ;              ;           ; Column I/O   ;                 ; no       ; On           ;
; AB12     ; 108        ; 4A       ; Password_Switch[3]              ; input  ; 2.5 V        ;           ; Column I/O   ; Y               ; no       ; Off          ;
; AB13     ; 106        ; 4A       ; Password_Switch[2]              ; input  ; 2.5 V        ;           ; Column I/O   ; Y               ; no       ; Off          ;
; AB14     ;            ;          ; GND                             ; gnd    ;              ;           ; --           ;                 ; --       ; --           ;
; AB15     ; 114        ; 4A       ; RESERVED_INPUT_WITH_WEAK_PULLUP ;        ;              ;           ; Column I/O   ;                 ; no       ; On           ;
; AB16     ;            ; 4A       ; VREFB4AN0                       ; power  ;              ;           ; --           ;                 ; --       ; --           ;
; AB17     ; 119        ; 4A       ; ScoreOnes_Display[1]            ; output ; 2.5 V        ;           ; Column I/O   ; Y               ; no       ; Off          ;
; AB18     ; 121        ; 4A       ; GameLeft_Display[4]             ; output ; 2.5 V        ;           ; Column I/O   ; Y               ; no       ; Off          ;
; AB19     ;            ;          ; GND                             ; gnd    ;              ;           ; --           ;                 ; --       ; --           ;
; AB20     ; 122        ; 4A       ; GameLeft_Display[1]             ; output ; 2.5 V        ;           ; Column I/O   ; Y               ; no       ; Off          ;
; AB21     ; 124        ; 4A       ; ScoreOnes_Display[6]            ; output ; 2.5 V        ;           ; Column I/O   ; Y               ; no       ; Off          ;
; AB22     ; 135        ; 4A       ; ScoreOnes_Display[5]            ; output ; 2.5 V        ;           ; Column I/O   ; Y               ; no       ; Off          ;
; B1       ;            ;          ; GND                             ; gnd    ;              ;           ; --           ;                 ; --       ; --           ;
; B2       ;            ;          ; GND                             ; gnd    ;              ;           ; --           ;                 ; --       ; --           ;
; B3       ;            ;          ; DNU                             ;        ;              ;           ; --           ;                 ; --       ; --           ;
; B4       ;            ;          ; DNU                             ;        ;              ;           ; --           ;                 ; --       ; --           ;
; B5       ; 266        ; 8A       ; RESERVED_INPUT_WITH_WEAK_PULLUP ;        ;              ;           ; Column I/O   ;                 ; no       ; On           ;
; B6       ; 268        ; 8A       ; RESERVED_INPUT_WITH_WEAK_PULLUP ;        ;              ;           ; Column I/O   ;                 ; no       ; On           ;
; B7       ; 270        ; 8A       ; RESERVED_INPUT_WITH_WEAK_PULLUP ;        ;              ;           ; Column I/O   ;                 ; no       ; On           ;
; B8       ;            ; 8A       ; VREFB8AN0                       ; power  ;              ;           ; --           ;                 ; --       ; --           ;
; B9       ;            ;          ; GND                             ; gnd    ;              ;           ; --           ;                 ; --       ; --           ;
; B10      ; 263        ; 8A       ; RESERVED_INPUT_WITH_WEAK_PULLUP ;        ;              ;           ; Column I/O   ;                 ; no       ; On           ;
; B11      ; 250        ; 7A       ; RESERVED_INPUT_WITH_WEAK_PULLUP ;        ;              ;           ; Column I/O   ;                 ; no       ; On           ;
; B12      ; 240        ; 7A       ; RESERVED_INPUT_WITH_WEAK_PULLUP ;        ;              ;           ; Column I/O   ;                 ; no       ; On           ;
; B13      ; 228        ; 7A       ; RESERVED_INPUT_WITH_WEAK_PULLUP ;        ;              ;           ; Column I/O   ;                 ; no       ; On           ;
; B14      ;            ;          ; GND                             ; gnd    ;              ;           ; --           ;                 ; --       ; --           ;
; B15      ; 225        ; 7A       ; RESERVED_INPUT_WITH_WEAK_PULLUP ;        ;              ;           ; Column I/O   ;                 ; no       ; On           ;
; B16      ; 204        ; 7A       ; RESERVED_INPUT_WITH_WEAK_PULLUP ;        ;              ;           ; Column I/O   ;                 ; no       ; On           ;
; B17      ;            ;          ; NC                              ;        ;              ;           ; --           ;                 ; --       ; --           ;
; B18      ;            ;          ; NC                              ;        ;              ;           ; --           ;                 ; --       ; --           ;
; B19      ;            ; 7A       ; VCCIO7A                         ; power  ;              ; 2.5V      ; --           ;                 ; --       ; --           ;
; B20      ;            ;          ; NC                              ;        ;              ;           ; --           ;                 ; --       ; --           ;
; B21      ;            ;          ; NC                              ;        ;              ;           ; --           ;                 ; --       ; --           ;
; B22      ;            ;          ; NC                              ;        ;              ;           ; --           ;                 ; --       ; --           ;
; C1       ; 16         ; 2A       ; TimerTens_Display[4]            ; output ; 2.5 V        ;           ; Row I/O      ; Y               ; no       ; Off          ;
; C2       ; 18         ; 2A       ; TimerTens_Display[5]            ; output ; 2.5 V        ;           ; Row I/O      ; Y               ; no       ; Off          ;
; C3       ;            ;          ; GND                             ; gnd    ;              ;           ; --           ;                 ; --       ; --           ;
; C4       ;            ;          ; GND                             ; gnd    ;              ;           ; --           ;                 ; --       ; --           ;
; C5       ; 292        ; 9A       ; ^GND                            ;        ;              ;           ; --           ;                 ; --       ; --           ;
; C6       ; 272        ; 8A       ; RESERVED_INPUT_WITH_WEAK_PULLUP ;        ;              ;           ; Column I/O   ;                 ; no       ; On           ;
; C7       ;            ; 8A       ; VCCIO8A                         ; power  ;              ; 2.5V      ; --           ;                 ; --       ; --           ;
; C8       ; 278        ; 8A       ; RESERVED_INPUT_WITH_WEAK_PULLUP ;        ;              ;           ; Column I/O   ;                 ; no       ; On           ;
; C9       ; 265        ; 8A       ; RESERVED_INPUT_WITH_WEAK_PULLUP ;        ;              ;           ; Column I/O   ;                 ; no       ; On           ;
; C10      ;            ; 7A, 8A   ; VCCPD7A8A                       ; power  ;              ; 2.5V      ; --           ;                 ; --       ; --           ;
; C11      ; 248        ; 7A       ; RESERVED_INPUT_WITH_WEAK_PULLUP ;        ;              ;           ; Column I/O   ;                 ; no       ; On           ;
; C12      ;            ; 7A       ; VCCIO7A                         ; power  ;              ; 2.5V      ; --           ;                 ; --       ; --           ;
; C13      ; 241        ; 7A       ; RESERVED_INPUT_WITH_WEAK_PULLUP ;        ;              ;           ; Column I/O   ;                 ; no       ; On           ;
; C14      ;            ; 7A       ; VREFB7AN0                       ; power  ;              ;           ; --           ;                 ; --       ; --           ;
; C15      ; 223        ; 7A       ; RESERVED_INPUT_WITH_WEAK_PULLUP ;        ;              ;           ; Column I/O   ;                 ; no       ; On           ;
; C16      ; 206        ; 7A       ; RESERVED_INPUT_WITH_WEAK_PULLUP ;        ;              ;           ; Column I/O   ;                 ; no       ; On           ;
; C17      ;            ;          ; GND                             ; gnd    ;              ;           ; --           ;                 ; --       ; --           ;
; C18      ;            ;          ; NC                              ;        ;              ;           ; --           ;                 ; --       ; --           ;
; C19      ;            ;          ; NC                              ;        ;              ;           ; --           ;                 ; --       ; --           ;
; C20      ;            ;          ; NC                              ;        ;              ;           ; --           ;                 ; --       ; --           ;
; C21      ;            ;          ; NC                              ;        ;              ;           ; --           ;                 ; --       ; --           ;
; C22      ;            ; 7A       ; VCCIO7A                         ; power  ;              ; 2.5V      ; --           ;                 ; --       ; --           ;
; D1       ;            ;          ; GND                             ; gnd    ;              ;           ; --           ;                 ; --       ; --           ;
; D2       ;            ;          ; GND                             ; gnd    ;              ;           ; --           ;                 ; --       ; --           ;
; D3       ; 22         ; 2A       ; RESERVED_INPUT_WITH_WEAK_PULLUP ;        ;              ;           ; Row I/O      ;                 ; no       ; On           ;
; D4       ;            ; 2A       ; VCCIO2A                         ; power  ;              ; 2.5V      ; --           ;                 ; --       ; --           ;
; D5       ;            ;          ; GND                             ; gnd    ;              ;           ; --           ;                 ; --       ; --           ;
; D6       ; 274        ; 8A       ; RESERVED_INPUT_WITH_WEAK_PULLUP ;        ;              ;           ; Column I/O   ;                 ; no       ; On           ;
; D7       ; 276        ; 8A       ; RESERVED_INPUT_WITH_WEAK_PULLUP ;        ;              ;           ; Column I/O   ;                 ; no       ; On           ;
; D8       ;            ; 7A, 8A   ; VCCPD7A8A                       ; power  ;              ; 2.5V      ; --           ;                 ; --       ; --           ;
; D9       ; 277        ; 8A       ; RESERVED_INPUT_WITH_WEAK_PULLUP ;        ;              ;           ; Column I/O   ;                 ; no       ; On           ;
; D10      ;            ;          ; GND                             ; gnd    ;              ;           ; --           ;                 ; --       ; --           ;
; D11      ;            ; --       ; VCC_AUX                         ; power  ;              ; 2.5V      ; --           ;                 ; --       ; --           ;
; D12      ; 247        ; 7A       ; RESERVED_INPUT_WITH_WEAK_PULLUP ;        ;              ;           ; Column I/O   ;                 ; no       ; On           ;
; D13      ; 239        ; 7A       ; RESERVED_INPUT_WITH_WEAK_PULLUP ;        ;              ;           ; Column I/O   ;                 ; no       ; On           ;
; D14      ;            ; 7A, 8A   ; VCCPD7A8A                       ; power  ;              ; 2.5V      ; --           ;                 ; --       ; --           ;
; D15      ;            ; 7A       ; VCCIO7A                         ; power  ;              ; 2.5V      ; --           ;                 ; --       ; --           ;
; D16      ;            ; 7A, 8A   ; VCCPD7A8A                       ; power  ;              ; 2.5V      ; --           ;                 ; --       ; --           ;
; D17      ; 207        ; 7A       ; RESERVED_INPUT_WITH_WEAK_PULLUP ;        ;              ;           ; Column I/O   ;                 ; no       ; On           ;
; D18      ;            ; --       ; VCC_AUX                         ; power  ;              ; 2.5V      ; --           ;                 ; --       ; --           ;
; D19      ;            ;          ; NC                              ;        ;              ;           ; --           ;                 ; --       ; --           ;
; D20      ;            ;          ; GND                             ; gnd    ;              ;           ; --           ;                 ; --       ; --           ;
; D21      ;            ;          ; NC                              ;        ;              ;           ; --           ;                 ; --       ; --           ;
; D22      ;            ;          ; NC                              ;        ;              ;           ; --           ;                 ; --       ; --           ;
; E1       ;            ; 1A, 2A   ; VCCPD1A2A                       ; power  ;              ; 2.5V      ; --           ;                 ; --       ; --           ;
; E2       ; 20         ; 2A       ; RESERVED_INPUT_WITH_WEAK_PULLUP ;        ;              ;           ; Row I/O      ;                 ; no       ; On           ;
; E3       ;            ;          ; GND                             ; gnd    ;              ;           ; --           ;                 ; --       ; --           ;
; E4       ;            ;          ; GND                             ; gnd    ;              ;           ; --           ;                 ; --       ; --           ;
; E5       ; 289        ; 9A       ; ^MSEL3                          ;        ;              ;           ; --           ;                 ; --       ; --           ;
; E6       ;            ; --       ; VCC_AUX                         ; power  ;              ; 2.5V      ; --           ;                 ; --       ; --           ;
; E7       ; 282        ; 8A       ; RESERVED_INPUT_WITH_WEAK_PULLUP ;        ;              ;           ; Column I/O   ;                 ; no       ; On           ;
; E8       ;            ; 8A       ; VCCIO8A                         ; power  ;              ; 2.5V      ; --           ;                 ; --       ; --           ;
; E9       ; 275        ; 8A       ; RESERVED_INPUT_WITH_WEAK_PULLUP ;        ;              ;           ; Column I/O   ;                 ; no       ; On           ;
; E10      ; 267        ; 8A       ; RESERVED_INPUT_WITH_WEAK_PULLUP ;        ;              ;           ; Column I/O   ;                 ; no       ; On           ;
; E11      ;            ; 7A, 8A   ; VCCPD7A8A                       ; power  ;              ; 2.5V      ; --           ;                 ; --       ; --           ;
; E12      ; 249        ; 7A       ; RESERVED_INPUT_WITH_WEAK_PULLUP ;        ;              ;           ; Column I/O   ;                 ; no       ; On           ;
; E13      ;            ;          ; GND                             ; gnd    ;              ;           ; --           ;                 ; --       ; --           ;
; E14      ; 231        ; 7A       ; RESERVED_INPUT_WITH_WEAK_PULLUP ;        ;              ;           ; Column I/O   ;                 ; no       ; On           ;
; E15      ; 215        ; 7A       ; RESERVED_INPUT_WITH_WEAK_PULLUP ;        ;              ;           ; Column I/O   ;                 ; no       ; On           ;
; E16      ; 209        ; 7A       ; RESERVED_INPUT_WITH_WEAK_PULLUP ;        ;              ;           ; Column I/O   ;                 ; no       ; On           ;
; E17      ;            ;          ; DNU                             ;        ;              ;           ; --           ;                 ; --       ; --           ;
; E18      ;            ; 7A       ; VCCIO7A                         ; power  ;              ; 2.5V      ; --           ;                 ; --       ; --           ;
; E19      ;            ;          ; NC                              ;        ;              ;           ; --           ;                 ; --       ; --           ;
; E20      ;            ;          ; NC                              ;        ;              ;           ; --           ;                 ; --       ; --           ;
; E21      ;            ;          ; NC                              ;        ;              ;           ; --           ;                 ; --       ; --           ;
; E22      ;            ;          ; NC                              ;        ;              ;           ; --           ;                 ; --       ; --           ;
; F1       ;            ;          ; GND                             ; gnd    ;              ;           ; --           ;                 ; --       ; --           ;
; F2       ;            ;          ; GND                             ; gnd    ;              ;           ; --           ;                 ; --       ; --           ;
; F3       ; 291        ; 9A       ; ^MSEL4                          ;        ;              ;           ; --           ;                 ; --       ; --           ;
; F4       ;            ; --       ; VCCA_FPLL                       ; power  ;              ; 2.5V      ; --           ;                 ; --       ; --           ;
; F5       ;            ;          ; GND                             ; gnd    ;              ;           ; --           ;                 ; --       ; --           ;
; F6       ;            ;          ; GND                             ; gnd    ;              ;           ; --           ;                 ; --       ; --           ;
; F7       ; 280        ; 8A       ; RESERVED_INPUT_WITH_WEAK_PULLUP ;        ;              ;           ; Column I/O   ;                 ; no       ; On           ;
; F8       ;            ; --       ; VCCPGM                          ; power  ;              ; 3.0V/3.3V ; --           ;                 ; --       ; --           ;
; F9       ; 269        ; 8A       ; RESERVED_INPUT_WITH_WEAK_PULLUP ;        ;              ;           ; Column I/O   ;                 ; no       ; On           ;
; F10      ; 253        ; 8A       ; RESERVED_INPUT_WITH_WEAK_PULLUP ;        ;              ;           ; Column I/O   ;                 ; no       ; On           ;
; F11      ;            ; 7A       ; VCCIO7A                         ; power  ;              ; 2.5V      ; --           ;                 ; --       ; --           ;
; F12      ; 238        ; 7A       ; RESERVED_INPUT_WITH_WEAK_PULLUP ;        ;              ;           ; Column I/O   ;                 ; no       ; On           ;
; F13      ; 233        ; 7A       ; RESERVED_INPUT_WITH_WEAK_PULLUP ;        ;              ;           ; Column I/O   ;                 ; no       ; On           ;
; F14      ; 226        ; 7A       ; RESERVED_INPUT_WITH_WEAK_PULLUP ;        ;              ;           ; Column I/O   ;                 ; no       ; On           ;
; F15      ; 217        ; 7A       ; RESERVED_INPUT_WITH_WEAK_PULLUP ;        ;              ;           ; Column I/O   ;                 ; no       ; On           ;
; F16      ;            ;          ; GND                             ; gnd    ;              ;           ; --           ;                 ; --       ; --           ;
; F17      ; 202        ; 7A       ; ^GND                            ;        ;              ;           ; --           ;                 ; --       ; --           ;
; F18      ;            ;          ; NC                              ;        ;              ;           ; --           ;                 ; --       ; --           ;
; F19      ;            ;          ; NC                              ;        ;              ;           ; --           ;                 ; --       ; --           ;
; F20      ;            ;          ; NC                              ;        ;              ;           ; --           ;                 ; --       ; --           ;
; F21      ;            ; 7A       ; VCCIO7A                         ; power  ;              ; 2.5V      ; --           ;                 ; --       ; --           ;
; F22      ;            ;          ; NC                              ;        ;              ;           ; --           ;                 ; --       ; --           ;
; G1       ; 17         ; 2A       ; RESERVED_INPUT_WITH_WEAK_PULLUP ;        ;              ;           ; Row I/O      ;                 ; no       ; On           ;
; G2       ; 19         ; 2A       ; RESERVED_INPUT_WITH_WEAK_PULLUP ;        ;              ;           ; Row I/O      ;                 ; no       ; On           ;
; G3       ;            ;          ; GND                             ; gnd    ;              ;           ; --           ;                 ; --       ; --           ;
; G4       ;            ;          ; GND                             ; gnd    ;              ;           ; --           ;                 ; --       ; --           ;
; G5       ; 287        ; 9A       ; ^nCE                            ;        ;              ;           ; --           ;                 ; --       ; --           ;
; G6       ; 279        ; 8A       ; RESERVED_INPUT_WITH_WEAK_PULLUP ;        ;              ;           ; Column I/O   ;                 ; no       ; On           ;
; G7       ;            ; 8A       ; VCCIO8A                         ; power  ;              ; 2.5V      ; --           ;                 ; --       ; --           ;
; G8       ; 258        ; 8A       ; RESERVED_INPUT_WITH_WEAK_PULLUP ;        ;              ;           ; Column I/O   ;                 ; no       ; On           ;
; G9       ;            ;          ; GND                             ; gnd    ;              ;           ; --           ;                 ; --       ; --           ;
; G10      ; 251        ; 8A       ; RESERVED_INPUT_WITH_WEAK_PULLUP ;        ;              ;           ; Column I/O   ;                 ; no       ; On           ;
; G11      ; 236        ; 7A       ; RESERVED_INPUT_WITH_WEAK_PULLUP ;        ;              ;           ; Column I/O   ;                 ; no       ; On           ;
; G12      ; 245        ; 7A       ; RESERVED_INPUT_WITH_WEAK_PULLUP ;        ;              ;           ; Column I/O   ;                 ; no       ; On           ;
; G13      ; 237        ; 7A       ; RESERVED_INPUT_WITH_WEAK_PULLUP ;        ;              ;           ; Column I/O   ;                 ; no       ; On           ;
; G14      ;            ; 7A       ; VCCIO7A                         ; power  ;              ; 2.5V      ; --           ;                 ; --       ; --           ;
; G15      ; 224        ; 7A       ; RESERVED_INPUT_WITH_WEAK_PULLUP ;        ;              ;           ; Column I/O   ;                 ; no       ; On           ;
; G16      ; 210        ; 7A       ; RESERVED_INPUT_WITH_WEAK_PULLUP ;        ;              ;           ; Column I/O   ;                 ; no       ; On           ;
; G17      ; 208        ; 7A       ; RESERVED_INPUT_WITH_WEAK_PULLUP ;        ;              ;           ; Column I/O   ;                 ; no       ; On           ;
; G18      ; 211        ; 7A       ; RESERVED_INPUT_WITH_WEAK_PULLUP ;        ;              ;           ; Column I/O   ;                 ; no       ; On           ;
; G19      ;            ;          ; GND                             ; gnd    ;              ;           ; --           ;                 ; --       ; --           ;
; G20      ;            ;          ; NC                              ;        ;              ;           ; --           ;                 ; --       ; --           ;
; G21      ;            ;          ; NC                              ;        ;              ;           ; --           ;                 ; --       ; --           ;
; G22      ;            ;          ; NC                              ;        ;              ;           ; --           ;                 ; --       ; --           ;
; H1       ;            ;          ; GND                             ; gnd    ;              ;           ; --           ;                 ; --       ; --           ;
; H2       ;            ;          ; GND                             ; gnd    ;              ;           ; --           ;                 ; --       ; --           ;
; H3       ;            ;          ; GND                             ; gnd    ;              ;           ; --           ;                 ; --       ; --           ;
; H4       ;            ;          ; GND                             ; gnd    ;              ;           ; --           ;                 ; --       ; --           ;
; H5       ; 286        ; 9A       ; ^nSTATUS                        ;        ;              ;           ; --           ;                 ; --       ; --           ;
; H6       ; 281        ; 8A       ; RESERVED_INPUT_WITH_WEAK_PULLUP ;        ;              ;           ; Column I/O   ;                 ; no       ; On           ;
; H7       ;            ;          ; GND                             ; gnd    ;              ;           ; --           ;                 ; --       ; --           ;
; H8       ; 256        ; 8A       ; RESERVED_INPUT_WITH_WEAK_PULLUP ;        ;              ;           ; Column I/O   ;                 ; no       ; On           ;
; H9       ; 261        ; 8A       ; RESERVED_INPUT_WITH_WEAK_PULLUP ;        ;              ;           ; Column I/O   ;                 ; no       ; On           ;
; H10      ; 234        ; 7A       ; RESERVED_INPUT_WITH_WEAK_PULLUP ;        ;              ;           ; Column I/O   ;                 ; no       ; On           ;
; H11      ; 243        ; 7A       ; RESERVED_INPUT_WITH_WEAK_PULLUP ;        ;              ;           ; Column I/O   ;                 ; no       ; On           ;
; H12      ;            ;          ; GND                             ; gnd    ;              ;           ; --           ;                 ; --       ; --           ;
; H13      ; 235        ; 7A       ; RESERVED_INPUT_WITH_WEAK_PULLUP ;        ;              ;           ; Column I/O   ;                 ; no       ; On           ;
; H14      ; 227        ; 7A       ; RESERVED_INPUT_WITH_WEAK_PULLUP ;        ;              ;           ; Column I/O   ;                 ; no       ; On           ;
; H15      ; 221        ; 7A       ; RESERVED_INPUT_WITH_WEAK_PULLUP ;        ;              ;           ; Column I/O   ;                 ; no       ; On           ;
; H16      ; 219        ; 7A       ; RESERVED_INPUT_WITH_WEAK_PULLUP ;        ;              ;           ; Column I/O   ;                 ; no       ; On           ;
; H17      ;            ; 7A       ; VCCIO7A                         ; power  ;              ; 2.5V      ; --           ;                 ; --       ; --           ;
; H18      ; 213        ; 7A       ; RESERVED_INPUT_WITH_WEAK_PULLUP ;        ;              ;           ; Column I/O   ;                 ; no       ; On           ;
; H19      ;            ; --       ; VCCA_FPLL                       ; power  ;              ; 2.5V      ; --           ;                 ; --       ; --           ;
; H20      ;            ;          ; NC                              ;        ;              ;           ; --           ;                 ; --       ; --           ;
; H21      ;            ;          ; NC                              ;        ;              ;           ; --           ;                 ; --       ; --           ;
; H22      ;            ;          ; GND                             ; gnd    ;              ;           ; --           ;                 ; --       ; --           ;
; J1       ;            ; 2A       ; VCCIO2A                         ; power  ;              ; 2.5V      ; --           ;                 ; --       ; --           ;
; J2       ;            ; 1A, 2A   ; VCCPD1A2A                       ; power  ;              ; 2.5V      ; --           ;                 ; --       ; --           ;
; J3       ;            ;          ; GND                             ; gnd    ;              ;           ; --           ;                 ; --       ; --           ;
; J4       ;            ; --       ; VCC                             ; power  ;              ; 1.1V      ; --           ;                 ; --       ; --           ;
; J5       ;            ;          ; GND                             ; gnd    ;              ;           ; --           ;                 ; --       ; --           ;
; J6       ; 285        ; 9A       ; ^MSEL1                          ;        ;              ;           ; --           ;                 ; --       ; --           ;
; J7       ; 255        ; 8A       ; RESERVED_INPUT_WITH_WEAK_PULLUP ;        ;              ;           ; Column I/O   ;                 ; no       ; On           ;
; J8       ; 257        ; 8A       ; RESERVED_INPUT_WITH_WEAK_PULLUP ;        ;              ;           ; Column I/O   ;                 ; no       ; On           ;
; J9       ; 259        ; 8A       ; RESERVED_INPUT_WITH_WEAK_PULLUP ;        ;              ;           ; Column I/O   ;                 ; no       ; On           ;
; J10      ;            ; --       ; VCC                             ; power  ;              ; 1.1V      ; --           ;                 ; --       ; --           ;
; J11      ; 232        ; 7A       ; RESERVED_INPUT_WITH_WEAK_PULLUP ;        ;              ;           ; Column I/O   ;                 ; no       ; On           ;
; J12      ;            ; --       ; VCC                             ; power  ;              ; 1.1V      ; --           ;                 ; --       ; --           ;
; J13      ; 229        ; 7A       ; RESERVED_INPUT_WITH_WEAK_PULLUP ;        ;              ;           ; Column I/O   ;                 ; no       ; On           ;
; J14      ;            ; --       ; VCC                             ; power  ;              ; 1.1V      ; --           ;                 ; --       ; --           ;
; J15      ;            ;          ; GND                             ; gnd    ;              ;           ; --           ;                 ; --       ; --           ;
; J16      ;            ; --       ; VCC                             ; power  ;              ; 1.1V      ; --           ;                 ; --       ; --           ;
; J17      ; 220        ; 7A       ; RESERVED_INPUT_WITH_WEAK_PULLUP ;        ;              ;           ; Column I/O   ;                 ; no       ; On           ;
; J18      ; 214        ; 7A       ; RESERVED_INPUT_WITH_WEAK_PULLUP ;        ;              ;           ; Column I/O   ;                 ; no       ; On           ;
; J19      ; 212        ; 7A       ; RESERVED_INPUT_WITH_WEAK_PULLUP ;        ;              ;           ; Column I/O   ;                 ; no       ; On           ;
; J20      ;            ;          ; GND                             ; gnd    ;              ;           ; --           ;                 ; --       ; --           ;
; J21      ;            ;          ; NC                              ;        ;              ;           ; --           ;                 ; --       ; --           ;
; J22      ;            ;          ; NC                              ;        ;              ;           ; --           ;                 ; --       ; --           ;
; K1       ;            ;          ; GND                             ; gnd    ;              ;           ; --           ;                 ; --       ; --           ;
; K2       ;            ;          ; GND                             ; gnd    ;              ;           ; --           ;                 ; --       ; --           ;
; K3       ;            ; --       ; VCC                             ; power  ;              ; 1.1V      ; --           ;                 ; --       ; --           ;
; K4       ;            ;          ; GND                             ; gnd    ;              ;           ; --           ;                 ; --       ; --           ;
; K5       ;            ; --       ; VCC                             ; power  ;              ; 1.1V      ; --           ;                 ; --       ; --           ;
; K6       ; 284        ; 9A       ; ^CONF_DONE                      ;        ;              ;           ; --           ;                 ; --       ; --           ;
; K7       ; 254        ; 8A       ; RESERVED_INPUT_WITH_WEAK_PULLUP ;        ;              ;           ; Column I/O   ;                 ; no       ; On           ;
; K8       ;            ;          ; GND                             ; gnd    ;              ;           ; --           ;                 ; --       ; --           ;
; K9       ; 246        ; 7A       ; RESERVED_INPUT_WITH_WEAK_PULLUP ;        ;              ;           ; Column I/O   ;                 ; no       ; On           ;
; K10      ;            ;          ; GND                             ; gnd    ;              ;           ; --           ;                 ; --       ; --           ;
; K11      ;            ; --       ; VCC                             ; power  ;              ; 1.1V      ; --           ;                 ; --       ; --           ;
; K12      ;            ;          ; GND                             ; gnd    ;              ;           ; --           ;                 ; --       ; --           ;
; K13      ;            ; --       ; VCC                             ; power  ;              ; 1.1V      ; --           ;                 ; --       ; --           ;
; K14      ;            ;          ; GND                             ; gnd    ;              ;           ; --           ;                 ; --       ; --           ;
; K15      ;            ; --       ; VCC                             ; power  ;              ; 1.1V      ; --           ;                 ; --       ; --           ;
; K16      ; 222        ; 7A       ; RESERVED_INPUT_WITH_WEAK_PULLUP ;        ;              ;           ; Column I/O   ;                 ; no       ; On           ;
; K17      ; 178        ; 5B       ; RESERVED_INPUT_WITH_WEAK_PULLUP ;        ;              ;           ; Row I/O      ;                 ; no       ; On           ;
; K18      ;            ; 5B       ; VCCIO5B                         ; power  ;              ; 2.5V      ; --           ;                 ; --       ; --           ;
; K19      ; 205        ; 7A       ; RESERVED_INPUT_WITH_WEAK_PULLUP ;        ;              ;           ; Column I/O   ;                 ; no       ; On           ;
; K20      ; 203        ; 7A       ; RESERVED_INPUT_WITH_WEAK_PULLUP ;        ;              ;           ; Column I/O   ;                 ; no       ; On           ;
; K21      ; 183        ; 5B       ; RESERVED_INPUT_WITH_WEAK_PULLUP ;        ;              ;           ; Row I/O      ;                 ; no       ; On           ;
; K22      ; 185        ; 5B       ; RESERVED_INPUT_WITH_WEAK_PULLUP ;        ;              ;           ; Row I/O      ;                 ; no       ; On           ;
; L1       ; 21         ; 2A       ; LEDs[9]                         ; output ; 2.5 V        ;           ; Row I/O      ; Y               ; no       ; Off          ;
; L2       ; 23         ; 2A       ; LEDs[8]                         ; output ; 2.5 V        ;           ; Row I/O      ; Y               ; no       ; Off          ;
; L3       ;            ;          ; GND                             ; gnd    ;              ;           ; --           ;                 ; --       ; --           ;
; L4       ;            ; --       ; VCC                             ; power  ;              ; 1.1V      ; --           ;                 ; --       ; --           ;
; L5       ;            ;          ; GND                             ; gnd    ;              ;           ; --           ;                 ; --       ; --           ;
; L6       ; 283        ; 9A       ; ^MSEL0                          ;        ;              ;           ; --           ;                 ; --       ; --           ;
; L7       ; 252        ; 8A       ; RESERVED_INPUT_WITH_WEAK_PULLUP ;        ;              ;           ; Column I/O   ;                 ; no       ; On           ;
; L8       ; 244        ; 7A       ; RESERVED_INPUT_WITH_WEAK_PULLUP ;        ;              ;           ; Column I/O   ;                 ; no       ; On           ;
; L9       ;            ;          ; DNU                             ;        ;              ;           ; --           ;                 ; --       ; --           ;
; L10      ;            ; --       ; VCC                             ; power  ;              ; 1.1V      ; --           ;                 ; --       ; --           ;
; L11      ;            ;          ; GND                             ; gnd    ;              ;           ; --           ;                 ; --       ; --           ;
; L12      ;            ; --       ; VCC                             ; power  ;              ; 1.1V      ; --           ;                 ; --       ; --           ;
; L13      ;            ;          ; GND                             ; gnd    ;              ;           ; --           ;                 ; --       ; --           ;
; L14      ;            ; --       ; VCC                             ; power  ;              ; 1.1V      ; --           ;                 ; --       ; --           ;
; L15      ;            ;          ; GND                             ; gnd    ;              ;           ; --           ;                 ; --       ; --           ;
; L16      ;            ; --       ; VCC                             ; power  ;              ; 1.1V      ; --           ;                 ; --       ; --           ;
; L17      ; 180        ; 5B       ; RESERVED_INPUT_WITH_WEAK_PULLUP ;        ;              ;           ; Row I/O      ;                 ; no       ; On           ;
; L18      ; 184        ; 5B       ; RESERVED_INPUT_WITH_WEAK_PULLUP ;        ;              ;           ; Row I/O      ;                 ; no       ; On           ;
; L19      ; 182        ; 5B       ; RESERVED_INPUT_WITH_WEAK_PULLUP ;        ;              ;           ; Row I/O      ;                 ; no       ; On           ;
; L20      ;            ; 5B       ; VREFB5BN0                       ; power  ;              ;           ; --           ;                 ; --       ; --           ;
; L21      ;            ;          ; GND                             ; gnd    ;              ;           ; --           ;                 ; --       ; --           ;
; L22      ; 177        ; 5B       ; RESERVED_INPUT_WITH_WEAK_PULLUP ;        ;              ;           ; Row I/O      ;                 ; no       ; On           ;
; M1       ;            ;          ; GND                             ; gnd    ;              ;           ; --           ;                 ; --       ; --           ;
; M2       ;            ;          ; GND                             ; gnd    ;              ;           ; --           ;                 ; --       ; --           ;
; M3       ;            ; --       ; VCCA_FPLL                       ; power  ;              ; 2.5V      ; --           ;                 ; --       ; --           ;
; M4       ;            ;          ; GND                             ; gnd    ;              ;           ; --           ;                 ; --       ; --           ;
; M5       ; 48         ; 3A       ; #TDO                            ; output ;              ;           ; --           ;                 ; --       ; --           ;
; M6       ; 70         ; 3A       ; Level_Button                    ; input  ; 2.5 V        ;           ; Column I/O   ; Y               ; no       ; Off          ;
; M7       ; 72         ; 3A       ; Player_LoadButton               ; input  ; 2.5 V        ;           ; Column I/O   ; Y               ; no       ; Off          ;
; M8       ; 86         ; 3B       ; TimerTens_Display[1]            ; output ; 2.5 V        ;           ; Column I/O   ; Y               ; no       ; Off          ;
; M9       ; 88         ; 3B       ; clk                             ; input  ; 2.5 V        ;           ; Column I/O   ; Y               ; no       ; Off          ;
; M10      ;            ;          ; GND                             ; gnd    ;              ;           ; --           ;                 ; --       ; --           ;
; M11      ;            ; --       ; VCC                             ; power  ;              ; 1.1V      ; --           ;                 ; --       ; --           ;
; M12      ;            ;          ; GND                             ; gnd    ;              ;           ; --           ;                 ; --       ; --           ;
; M13      ;            ; --       ; VCC                             ; power  ;              ; 1.1V      ; --           ;                 ; --       ; --           ;
; M14      ;            ;          ; GND                             ; gnd    ;              ;           ; --           ;                 ; --       ; --           ;
; M15      ;            ; --       ; VCC                             ; power  ;              ; 1.1V      ; --           ;                 ; --       ; --           ;
; M16      ; 172        ; 5B       ; RESERVED_INPUT_WITH_WEAK_PULLUP ;        ;              ;           ; Row I/O      ;                 ; no       ; On           ;
; M17      ;            ; 5B       ; VCCPD5B                         ; power  ;              ; 2.5V      ; --           ;                 ; --       ; --           ;
; M18      ; 176        ; 5B       ; RESERVED_INPUT_WITH_WEAK_PULLUP ;        ;              ;           ; Row I/O      ;                 ; no       ; On           ;
; M19      ;            ; 5B       ; VCCIO5B                         ; power  ;              ; 2.5V      ; --           ;                 ; --       ; --           ;
; M20      ; 179        ; 5B       ; RESERVED_INPUT_WITH_WEAK_PULLUP ;        ;              ;           ; Row I/O      ;                 ; no       ; On           ;
; M21      ; 181        ; 5B       ; RESERVED_INPUT_WITH_WEAK_PULLUP ;        ;              ;           ; Row I/O      ;                 ; no       ; On           ;
; M22      ; 175        ; 5B       ; RESERVED_INPUT_WITH_WEAK_PULLUP ;        ;              ;           ; Row I/O      ;                 ; no       ; On           ;
; N1       ; 24         ; 2A       ; LEDs[5]                         ; output ; 2.5 V        ;           ; Row I/O      ; Y               ; no       ; Off          ;
; N2       ; 26         ; 2A       ; LEDs[4]                         ; output ; 2.5 V        ;           ; Row I/O      ; Y               ; no       ; Off          ;
; N3       ;            ;          ; GND                             ; gnd    ;              ;           ; --           ;                 ; --       ; --           ;
; N4       ;            ; --       ; VCC                             ; power  ;              ; 1.1V      ; --           ;                 ; --       ; --           ;
; N5       ;            ;          ; GND                             ; gnd    ;              ;           ; --           ;                 ; --       ; --           ;
; N6       ; 64         ; 3A       ; RESERVED_INPUT_WITH_WEAK_PULLUP ;        ;              ;           ; Column I/O   ;                 ; no       ; On           ;
; N7       ;            ;          ; GND                             ; gnd    ;              ;           ; --           ;                 ; --       ; --           ;
; N8       ; 80         ; 3B       ; RESERVED_INPUT_WITH_WEAK_PULLUP ;        ;              ;           ; Column I/O   ;                 ; no       ; On           ;
; N9       ; 104        ; 3B       ; TimerTens_Display[0]            ; output ; 2.5 V        ;           ; Column I/O   ; Y               ; no       ; Off          ;
; N10      ;            ; --       ; VCC                             ; power  ;              ; 1.1V      ; --           ;                 ; --       ; --           ;
; N11      ;            ;          ; GND                             ; gnd    ;              ;           ; --           ;                 ; --       ; --           ;
; N12      ;            ; --       ; VCC                             ; power  ;              ; 1.1V      ; --           ;                 ; --       ; --           ;
; N13      ;            ;          ; GND                             ; gnd    ;              ;           ; --           ;                 ; --       ; --           ;
; N14      ;            ; --       ; VCC                             ; power  ;              ; 1.1V      ; --           ;                 ; --       ; --           ;
; N15      ;            ;          ; GND                             ; gnd    ;              ;           ; --           ;                 ; --       ; --           ;
; N16      ; 170        ; 5B       ; RESERVED_INPUT_WITH_WEAK_PULLUP ;        ;              ;           ; Row I/O      ;                 ; no       ; On           ;
; N17      ;            ;          ; GND                             ; gnd    ;              ;           ; --           ;                 ; --       ; --           ;
; N18      ;            ; 5B       ; VCCPD5B                         ; power  ;              ; 2.5V      ; --           ;                 ; --       ; --           ;
; N19      ; 174        ; 5B       ; RESERVED_INPUT_WITH_WEAK_PULLUP ;        ;              ;           ; Row I/O      ;                 ; no       ; On           ;
; N20      ; 171        ; 5B       ; RESERVED_INPUT_WITH_WEAK_PULLUP ;        ;              ;           ; Row I/O      ;                 ; no       ; On           ;
; N21      ; 173        ; 5B       ; RESERVED_INPUT_WITH_WEAK_PULLUP ;        ;              ;           ; Row I/O      ;                 ; no       ; On           ;
; N22      ;            ;          ; GND                             ; gnd    ;              ;           ; --           ;                 ; --       ; --           ;
; P1       ;            ;          ; GND                             ; gnd    ;              ;           ; --           ;                 ; --       ; --           ;
; P2       ;            ;          ; GND                             ; gnd    ;              ;           ; --           ;                 ; --       ; --           ;
; P3       ;            ; --       ; VCC                             ; power  ;              ; 1.1V      ; --           ;                 ; --       ; --           ;
; P4       ;            ;          ; GND                             ; gnd    ;              ;           ; --           ;                 ; --       ; --           ;
; P5       ; 50         ; 3A       ; #TMS                            ; input  ;              ;           ; --           ;                 ; --       ; --           ;
; P6       ; 62         ; 3A       ; RESERVED_INPUT_WITH_WEAK_PULLUP ;        ;              ;           ; Column I/O   ;                 ; no       ; On           ;
; P7       ; 73         ; 3A       ; RESERVED_INPUT_WITH_WEAK_PULLUP ;        ;              ;           ; Column I/O   ;                 ; no       ; On           ;
; P8       ; 78         ; 3B       ; RESERVED_INPUT_WITH_WEAK_PULLUP ;        ;              ;           ; Column I/O   ;                 ; no       ; On           ;
; P9       ; 102        ; 3B       ; TimerOnes_Display[6]            ; output ; 2.5 V        ;           ; Column I/O   ; Y               ; no       ; Off          ;
; P10      ;            ;          ; GND                             ; gnd    ;              ;           ; --           ;                 ; --       ; --           ;
; P11      ;            ; --       ; VCC                             ; power  ;              ; 1.1V      ; --           ;                 ; --       ; --           ;
; P12      ; 97         ; 3B       ; RESERVED_INPUT_WITH_WEAK_PULLUP ;        ;              ;           ; Column I/O   ;                 ; no       ; On           ;
; P13      ;            ; --       ; VCC                             ; power  ;              ; 1.1V      ; --           ;                 ; --       ; --           ;
; P14      ; 142        ; 4A       ; TimerTens_Display[3]            ; output ; 2.5 V        ;           ; Column I/O   ; Y               ; no       ; Off          ;
; P15      ;            ; --       ; VCC                             ; power  ;              ; 1.1V      ; --           ;                 ; --       ; --           ;
; P16      ; 167        ; 5A       ; RESERVED_INPUT_WITH_WEAK_PULLUP ;        ;              ;           ; Row I/O      ;                 ; no       ; On           ;
; P17      ; 169        ; 5A       ; RESERVED_INPUT_WITH_WEAK_PULLUP ;        ;              ;           ; Row I/O      ;                 ; no       ; On           ;
; P18      ; 168        ; 5A       ; RESERVED_INPUT_WITH_WEAK_PULLUP ;        ;              ;           ; Row I/O      ;                 ; no       ; On           ;
; P19      ; 166        ; 5A       ; RESERVED_INPUT_WITH_WEAK_PULLUP ;        ;              ;           ; Row I/O      ;                 ; no       ; On           ;
; P20      ;            ; 5A       ; VCCIO5A                         ; power  ;              ; 2.5V      ; --           ;                 ; --       ; --           ;
; P21      ;            ; 5A       ; VCCPD5A                         ; power  ;              ; 2.5V      ; --           ;                 ; --       ; --           ;
; P22      ; 164        ; 5A       ; RESERVED_INPUT_WITH_WEAK_PULLUP ;        ;              ;           ; Row I/O      ;                 ; no       ; On           ;
; R1       ;            ; 2A       ; VCCIO2A                         ; power  ;              ; 2.5V      ; --           ;                 ; --       ; --           ;
; R2       ;            ; 1A, 2A   ; VCCPD1A2A                       ; power  ;              ; 2.5V      ; --           ;                 ; --       ; --           ;
; R3       ;            ;          ; GND                             ; gnd    ;              ;           ; --           ;                 ; --       ; --           ;
; R4       ; 49         ; 3A       ; ^nCSO, DATA4                    ;        ;              ;           ; Weak Pull Up ;                 ; --       ; On           ;
; R5       ; 60         ; 3A       ; RESERVED_INPUT_WITH_WEAK_PULLUP ;        ;              ;           ; Column I/O   ;                 ; no       ; On           ;
; R6       ; 58         ; 3A       ; RESERVED_INPUT_WITH_WEAK_PULLUP ;        ;              ;           ; Column I/O   ;                 ; no       ; On           ;
; R7       ; 71         ; 3A       ; RESERVED_INPUT_WITH_WEAK_PULLUP ;        ;              ;           ; Column I/O   ;                 ; no       ; On           ;
; R8       ;            ; 3B       ; VCCIO3B                         ; power  ;              ; 2.5V      ; --           ;                 ; --       ; --           ;
; R9       ; 93         ; 3B       ; RESERVED_INPUT_WITH_WEAK_PULLUP ;        ;              ;           ; Column I/O   ;                 ; no       ; On           ;
; R10      ; 99         ; 3B       ; RESERVED_INPUT_WITH_WEAK_PULLUP ;        ;              ;           ; Column I/O   ;                 ; no       ; On           ;
; R11      ; 101        ; 3B       ; RESERVED_INPUT_WITH_WEAK_PULLUP ;        ;              ;           ; Column I/O   ;                 ; no       ; On           ;
; R12      ; 95         ; 3B       ; RESERVED_INPUT_WITH_WEAK_PULLUP ;        ;              ;           ; Column I/O   ;                 ; no       ; On           ;
; R13      ;            ;          ; GND                             ; gnd    ;              ;           ; --           ;                 ; --       ; --           ;
; R14      ; 144        ; 4A       ; RESERVED_INPUT_WITH_WEAK_PULLUP ;        ;              ;           ; Column I/O   ;                 ; no       ; On           ;
; R15      ; 161        ; 5A       ; RESERVED_INPUT_WITH_WEAK_PULLUP ;        ;              ;           ; Row I/O      ;                 ; no       ; On           ;
; R16      ; 163        ; 5A       ; RESERVED_INPUT_WITH_WEAK_PULLUP ;        ;              ;           ; Row I/O      ;                 ; no       ; On           ;
; R17      ; 165        ; 5A       ; RESERVED_INPUT_WITH_WEAK_PULLUP ;        ;              ;           ; Row I/O      ;                 ; no       ; On           ;
; R18      ;            ; 5A       ; VCCIO5A                         ; power  ;              ; 2.5V      ; --           ;                 ; --       ; --           ;
; R19      ;            ; --       ; VCCPGM                          ; power  ;              ; 3.0V/3.3V ; --           ;                 ; --       ; --           ;
; R20      ;            ; 5A       ; VREFB5AN0                       ; power  ;              ;           ; --           ;                 ; --       ; --           ;
; R21      ; 162        ; 5A       ; RESERVED_INPUT_WITH_WEAK_PULLUP ;        ;              ;           ; Row I/O      ;                 ; no       ; On           ;
; R22      ; 160        ; 5A       ; RESERVED_INPUT_WITH_WEAK_PULLUP ;        ;              ;           ; Row I/O      ;                 ; no       ; On           ;
; T1       ;            ;          ; GND                             ; gnd    ;              ;           ; --           ;                 ; --       ; --           ;
; T2       ;            ;          ; GND                             ; gnd    ;              ;           ; --           ;                 ; --       ; --           ;
; T3       ;            ; --       ; VCCA_FPLL                       ; power  ;              ; 2.5V      ; --           ;                 ; --       ; --           ;
; T4       ; 51         ; 3A       ; ^AS_DATA3, DATA3                ;        ;              ;           ; Weak Pull Up ;                 ; --       ; On           ;
; T5       ;            ; --       ; VCCA_FPLL                       ; power  ;              ; 2.5V      ; --           ;                 ; --       ; --           ;
; T6       ;            ; 3A       ; VCCIO3A                         ; power  ;              ; 2.5V      ; --           ;                 ; --       ; --           ;
; T7       ; 66         ; 3A       ; RESERVED_INPUT_WITH_WEAK_PULLUP ;        ;              ;           ; Column I/O   ;                 ; no       ; On           ;
; T8       ; 68         ; 3A       ; Logged_In_LED                   ; output ; 2.5 V        ;           ; Column I/O   ; N               ; no       ; Off          ;
; T9       ; 83         ; 3B       ; RESERVED_INPUT_WITH_WEAK_PULLUP ;        ;              ;           ; Column I/O   ;                 ; no       ; On           ;
; T10      ; 91         ; 3B       ; RESERVED_INPUT_WITH_WEAK_PULLUP ;        ;              ;           ; Column I/O   ;                 ; no       ; On           ;
; T11      ;            ; 3B       ; VCCIO3B                         ; power  ;              ; 2.5V      ; --           ;                 ; --       ; --           ;
; T12      ; 110        ; 4A       ; Player_Switch[3]                ; input  ; 2.5 V        ;           ; Column I/O   ; Y               ; no       ; Off          ;
; T13      ; 112        ; 4A       ; Player_Switch[2]                ; input  ; 2.5 V        ;           ; Column I/O   ; Y               ; no       ; Off          ;
; T14      ; 126        ; 4A       ; TimerTens_Display[2]            ; output ; 2.5 V        ;           ; Column I/O   ; Y               ; no       ; Off          ;
; T15      ; 159        ; 5A       ; RESERVED_INPUT_WITH_WEAK_PULLUP ;        ;              ;           ; Row I/O      ;                 ; no       ; On           ;
; T16      ;            ;          ; GND                             ; gnd    ;              ;           ; --           ;                 ; --       ; --           ;
; T17      ; 157        ; 5A       ; RESERVED_INPUT_WITH_WEAK_PULLUP ;        ;              ;           ; Row I/O      ;                 ; no       ; On           ;
; T18      ; 155        ; 5A       ; RESERVED_INPUT_WITH_WEAK_PULLUP ;        ;              ;           ; Row I/O      ;                 ; no       ; On           ;
; T19      ; 154        ; 5A       ; RESERVED_INPUT_WITH_WEAK_PULLUP ;        ;              ;           ; Row I/O      ;                 ; no       ; On           ;
; T20      ; 156        ; 5A       ; RESERVED_INPUT_WITH_WEAK_PULLUP ;        ;              ;           ; Row I/O      ;                 ; no       ; On           ;
; T21      ;            ;          ; GND                             ; gnd    ;              ;           ; --           ;                 ; --       ; --           ;
; T22      ; 158        ; 5A       ; RESERVED_INPUT_WITH_WEAK_PULLUP ;        ;              ;           ; Row I/O      ;                 ; no       ; On           ;
; U1       ; 25         ; 2A       ; LEDs[7]                         ; output ; 2.5 V        ;           ; Row I/O      ; Y               ; no       ; Off          ;
; U2       ; 27         ; 2A       ; LEDs[6]                         ; output ; 2.5 V        ;           ; Row I/O      ; Y               ; no       ; Off          ;
; U3       ;            ;          ; GND                             ; gnd    ;              ;           ; --           ;                 ; --       ; --           ;
; U4       ;            ;          ; GND                             ; gnd    ;              ;           ; --           ;                 ; --       ; --           ;
; U5       ;            ;          ; GND                             ; gnd    ;              ;           ; --           ;                 ; --       ; --           ;
; U6       ; 67         ; 3A       ; RESERVED_INPUT_WITH_WEAK_PULLUP ;        ;              ;           ; Column I/O   ;                 ; no       ; On           ;
; U7       ; 59         ; 3A       ; rst                             ; input  ; 2.5 V        ;           ; Column I/O   ; Y               ; no       ; Off          ;
; U8       ; 61         ; 3A       ; Logged_Out_LED                  ; output ; 2.5 V        ;           ; Column I/O   ; N               ; no       ; Off          ;
; U9       ;            ;          ; GND                             ; gnd    ;              ;           ; --           ;                 ; --       ; --           ;
; U10      ; 85         ; 3B       ; RESERVED_INPUT_WITH_WEAK_PULLUP ;        ;              ;           ; Column I/O   ;                 ; no       ; On           ;
; U11      ; 94         ; 3B       ; RESERVED_INPUT_WITH_WEAK_PULLUP ;        ;              ;           ; Column I/O   ;                 ; no       ; On           ;
; U12      ; 96         ; 3B       ; RESERVED_INPUT_WITH_WEAK_PULLUP ;        ;              ;           ; Column I/O   ;                 ; no       ; On           ;
; U13      ; 109        ; 4A       ; Player_Switch[0]                ; input  ; 2.5 V        ;           ; Column I/O   ; Y               ; no       ; Off          ;
; U14      ;            ; 4A       ; VCCIO4A                         ; power  ;              ; 2.5V      ; --           ;                 ; --       ; --           ;
; U15      ; 128        ; 4A       ; TimerOnes_Display[4]            ; output ; 2.5 V        ;           ; Column I/O   ; Y               ; no       ; Off          ;
; U16      ; 150        ; 4A       ; TimerOnes_Display[3]            ; output ; 2.5 V        ;           ; Column I/O   ; Y               ; no       ; Off          ;
; U17      ; 152        ; 4A       ; ScoreTens_Display[4]            ; output ; 2.5 V        ;           ; Column I/O   ; Y               ; no       ; Off          ;
; U18      ;            ; --       ; VCCA_FPLL                       ; power  ;              ; 2.5V      ; --           ;                 ; --       ; --           ;
; U19      ;            ; 4A       ; VCCIO4A                         ; power  ;              ; 2.5V      ; --           ;                 ; --       ; --           ;
; U20      ; 153        ; 4A       ; TimerOnes_Display[0]            ; output ; 2.5 V        ;           ; Column I/O   ; Y               ; no       ; Off          ;
; U21      ; 151        ; 4A       ; GameRight_Display[0]            ; output ; 2.5 V        ;           ; Column I/O   ; Y               ; no       ; Off          ;
; U22      ; 146        ; 4A       ; GameLeft_Display[6]             ; output ; 2.5 V        ;           ; Column I/O   ; Y               ; no       ; Off          ;
; V1       ;            ;          ; GND                             ; gnd    ;              ;           ; --           ;                 ; --       ; --           ;
; V2       ;            ;          ; GND                             ; gnd    ;              ;           ; --           ;                 ; --       ; --           ;
; V3       ; 56         ; 3A       ; ^DCLK                           ;        ;              ;           ; Weak Pull Up ;                 ; --       ; On           ;
; V4       ;            ;          ; GND                             ; gnd    ;              ;           ; --           ;                 ; --       ; --           ;
; V5       ; 52         ; 3A       ; #TCK                            ; input  ;              ;           ; --           ;                 ; --       ; --           ;
; V6       ; 69         ; 3A       ; RESERVED_INPUT_WITH_WEAK_PULLUP ;        ;              ;           ; Column I/O   ;                 ; no       ; On           ;
; V7       ;            ;          ; GND                             ; gnd    ;              ;           ; --           ;                 ; --       ; --           ;
; V8       ;            ; --       ; VCCPGM                          ; power  ;              ; 3.0V/3.3V ; --           ;                 ; --       ; --           ;
; V9       ; 75         ; 3B       ; RESERVED_INPUT_WITH_WEAK_PULLUP ;        ;              ;           ; Column I/O   ;                 ; no       ; On           ;
; V10      ; 77         ; 3B       ; RESERVED_INPUT_WITH_WEAK_PULLUP ;        ;              ;           ; Column I/O   ;                 ; no       ; On           ;
; V11      ;            ;          ; NC                              ;        ;              ;           ; --           ;                 ; --       ; --           ;
; V12      ;            ;          ; GND                             ; gnd    ;              ;           ; --           ;                 ; --       ; --           ;
; V13      ; 107        ; 4A       ; Player_Switch[1]                ; input  ; 2.5 V        ;           ; Column I/O   ; Y               ; no       ; Off          ;
; V14      ; 118        ; 4A       ; ScoreOnes_Display[4]            ; output ; 2.5 V        ;           ; Column I/O   ; Y               ; no       ; Off          ;
; V15      ; 120        ; 4A       ; RESERVED_INPUT_WITH_WEAK_PULLUP ;        ;              ;           ; Column I/O   ;                 ; no       ; On           ;
; V16      ; 134        ; 4A       ; ScoreTens_Display[3]            ; output ; 2.5 V        ;           ; Column I/O   ; Y               ; no       ; Off          ;
; V17      ;            ;          ; GND                             ; gnd    ;              ;           ; --           ;                 ; --       ; --           ;
; V18      ; 149        ; 4A       ; ScoreTens_Display[5]            ; output ; 2.5 V        ;           ; Column I/O   ; Y               ; no       ; Off          ;
; V19      ; 147        ; 4A       ; ScoreTens_Display[6]            ; output ; 2.5 V        ;           ; Column I/O   ; Y               ; no       ; Off          ;
; V20      ; 131        ; 4A       ; TimerOnes_Display[2]            ; output ; 2.5 V        ;           ; Column I/O   ; Y               ; no       ; Off          ;
; V21      ; 148        ; 4A       ; GameRight_Display[1]            ; output ; 2.5 V        ;           ; Column I/O   ; Y               ; no       ; Off          ;
; V22      ;            ;          ; GND                             ; gnd    ;              ;           ; --           ;                 ; --       ; --           ;
; W1       ;            ; 2A       ; VREFB2AN0                       ; power  ;              ;           ; --           ;                 ; --       ; --           ;
; W2       ; 28         ; 2A       ; LEDs[2]                         ; output ; 2.5 V        ;           ; Row I/O      ; Y               ; no       ; Off          ;
; W3       ;            ;          ; GND                             ; gnd    ;              ;           ; --           ;                 ; --       ; --           ;
; W4       ;            ;          ; GND                             ; gnd    ;              ;           ; --           ;                 ; --       ; --           ;
; W5       ; 54         ; 3A       ; #TDI                            ; input  ;              ;           ; --           ;                 ; --       ; --           ;
; W6       ;            ; 3A       ; VCCPD3A                         ; power  ;              ; 2.5V      ; --           ;                 ; --       ; --           ;
; W7       ;            ; --       ; VCC_AUX                         ; power  ;              ; 2.5V      ; --           ;                 ; --       ; --           ;
; W8       ; 63         ; 3A       ; RESERVED_INPUT_WITH_WEAK_PULLUP ;        ;              ;           ; Column I/O   ;                 ; no       ; On           ;
; W9       ; 65         ; 3A       ; PasswordGameStartButton         ; input  ; 2.5 V        ;           ; Column I/O   ; Y               ; no       ; Off          ;
; W10      ;            ; 3B       ; VCCIO3B                         ; power  ;              ; 2.5V      ; --           ;                 ; --       ; --           ;
; W11      ;            ; 3B, 4A   ; VCCPD3B4A                       ; power  ;              ; 2.5V      ; --           ;                 ; --       ; --           ;
; W12      ;            ; 3B, 4A   ; VCCPD3B4A                       ; power  ;              ; 2.5V      ; --           ;                 ; --       ; --           ;
; W13      ;            ; --       ; VCC_AUX                         ; power  ;              ; 2.5V      ; --           ;                 ; --       ; --           ;
; W14      ;            ; 3B, 4A   ; VCCPD3B4A                       ; power  ;              ; 2.5V      ; --           ;                 ; --       ; --           ;
; W15      ;            ; 4A       ; VCCIO4A                         ; power  ;              ; 2.5V      ; --           ;                 ; --       ; --           ;
; W16      ; 136        ; 4A       ; ScoreTens_Display[1]            ; output ; 2.5 V        ;           ; Column I/O   ; Y               ; no       ; Off          ;
; W17      ;            ; 3B, 4A   ; VCCPD3B4A                       ; power  ;              ; 2.5V      ; --           ;                 ; --       ; --           ;
; W18      ;            ; --       ; VCC_AUX                         ; power  ;              ; 2.5V      ; --           ;                 ; --       ; --           ;
; W19      ; 133        ; 4A       ; TimerTens_Display[6]            ; output ; 2.5 V        ;           ; Column I/O   ; Y               ; no       ; Off          ;
; W20      ;            ; 4A       ; VCCIO4A                         ; power  ;              ; 2.5V      ; --           ;                 ; --       ; --           ;
; W21      ; 145        ; 4A       ; GameRight_Display[3]            ; output ; 2.5 V        ;           ; Column I/O   ; Y               ; no       ; Off          ;
; W22      ; 140        ; 4A       ; GameRight_Display[2]            ; output ; 2.5 V        ;           ; Column I/O   ; Y               ; no       ; Off          ;
; Y1       ;            ;          ; GND                             ; gnd    ;              ;           ; --           ;                 ; --       ; --           ;
; Y2       ;            ;          ; GND                             ; gnd    ;              ;           ; --           ;                 ; --       ; --           ;
; Y3       ; 30         ; 2A       ; LEDs[3]                         ; output ; 2.5 V        ;           ; Row I/O      ; Y               ; no       ; Off          ;
; Y4       ;            ; 2A       ; VCCIO2A                         ; power  ;              ; 2.5V      ; --           ;                 ; --       ; --           ;
; Y5       ;            ;          ; GND                             ; gnd    ;              ;           ; --           ;                 ; --       ; --           ;
; Y6       ;            ;          ; NC                              ;        ;              ;           ; --           ;                 ; --       ; --           ;
; Y7       ;            ; 3A       ; VREFB3AN0                       ; power  ;              ;           ; --           ;                 ; --       ; --           ;
; Y8       ;            ; 3A       ; VCCIO3A                         ; power  ;              ; 2.5V      ; --           ;                 ; --       ; --           ;
; Y9       ; 92         ; 3B       ; RESERVED_INPUT_WITH_WEAK_PULLUP ;        ;              ;           ; Column I/O   ;                 ; no       ; On           ;
; Y10      ; 90         ; 3B       ; RESERVED_INPUT_WITH_WEAK_PULLUP ;        ;              ;           ; Column I/O   ;                 ; no       ; On           ;
; Y11      ; 103        ; 3B       ; RESERVED_INPUT_WITH_WEAK_PULLUP ;        ;              ;           ; Column I/O   ;                 ; no       ; On           ;
; Y12      ;            ; 3B       ; VREFB3BN0                       ; power  ;              ;           ; --           ;                 ; --       ; --           ;
; Y13      ;            ; 3B       ; VCCIO3B                         ; power  ;              ; 2.5V      ; --           ;                 ; --       ; --           ;
; Y14      ; 115        ; 4A       ; ScoreOnes_Display[3]            ; output ; 2.5 V        ;           ; Column I/O   ; Y               ; no       ; Off          ;
; Y15      ; 117        ; 4A       ; TimerOnes_Display[5]            ; output ; 2.5 V        ;           ; Column I/O   ; Y               ; no       ; Off          ;
; Y16      ; 123        ; 4A       ; ScoreTens_Display[0]            ; output ; 2.5 V        ;           ; Column I/O   ; Y               ; no       ; Off          ;
; Y17      ; 125        ; 4A       ; ScoreTens_Display[2]            ; output ; 2.5 V        ;           ; Column I/O   ; Y               ; no       ; Off          ;
; Y18      ;            ;          ; GND                             ; gnd    ;              ;           ; --           ;                 ; --       ; --           ;
; Y19      ; 141        ; 4A       ; ScoreOnes_Display[0]            ; output ; 2.5 V        ;           ; Column I/O   ; Y               ; no       ; Off          ;
; Y20      ; 139        ; 4A       ; TimerOnes_Display[1]            ; output ; 2.5 V        ;           ; Column I/O   ; Y               ; no       ; Off          ;
; Y21      ; 143        ; 4A       ; GameRight_Display[5]            ; output ; 2.5 V        ;           ; Column I/O   ; Y               ; no       ; Off          ;
; Y22      ; 138        ; 4A       ; GameRight_Display[4]            ; output ; 2.5 V        ;           ; Column I/O   ; Y               ; no       ; Off          ;
+----------+------------+----------+---------------------------------+--------+--------------+-----------+--------------+-----------------+----------+--------------+
Note: Pin directions (input, output or bidir) are based on device operating in user mode.


+---------------------------------------------------------+
; I/O Assignment Warnings                                 ;
+-------------------------+-------------------------------+
; Pin Name                ; Reason                        ;
+-------------------------+-------------------------------+
; TimerTens_Display[0]    ; Incomplete set of assignments ;
; TimerTens_Display[1]    ; Incomplete set of assignments ;
; TimerTens_Display[2]    ; Incomplete set of assignments ;
; TimerTens_Display[3]    ; Incomplete set of assignments ;
; TimerTens_Display[4]    ; Incomplete set of assignments ;
; TimerTens_Display[5]    ; Incomplete set of assignments ;
; TimerTens_Display[6]    ; Incomplete set of assignments ;
; TimerOnes_Display[0]    ; Incomplete set of assignments ;
; TimerOnes_Display[1]    ; Incomplete set of assignments ;
; TimerOnes_Display[2]    ; Incomplete set of assignments ;
; TimerOnes_Display[3]    ; Incomplete set of assignments ;
; TimerOnes_Display[4]    ; Incomplete set of assignments ;
; TimerOnes_Display[5]    ; Incomplete set of assignments ;
; TimerOnes_Display[6]    ; Incomplete set of assignments ;
; ScoreTens_Display[0]    ; Incomplete set of assignments ;
; ScoreTens_Display[1]    ; Incomplete set of assignments ;
; ScoreTens_Display[2]    ; Incomplete set of assignments ;
; ScoreTens_Display[3]    ; Incomplete set of assignments ;
; ScoreTens_Display[4]    ; Incomplete set of assignments ;
; ScoreTens_Display[5]    ; Incomplete set of assignments ;
; ScoreTens_Display[6]    ; Incomplete set of assignments ;
; ScoreOnes_Display[0]    ; Incomplete set of assignments ;
; ScoreOnes_Display[1]    ; Incomplete set of assignments ;
; ScoreOnes_Display[2]    ; Incomplete set of assignments ;
; ScoreOnes_Display[3]    ; Incomplete set of assignments ;
; ScoreOnes_Display[4]    ; Incomplete set of assignments ;
; ScoreOnes_Display[5]    ; Incomplete set of assignments ;
; ScoreOnes_Display[6]    ; Incomplete set of assignments ;
; GameLeft_Display[0]     ; Incomplete set of assignments ;
; GameLeft_Display[1]     ; Incomplete set of assignments ;
; GameLeft_Display[2]     ; Incomplete set of assignments ;
; GameLeft_Display[3]     ; Incomplete set of assignments ;
; GameLeft_Display[4]     ; Incomplete set of assignments ;
; GameLeft_Display[5]     ; Incomplete set of assignments ;
; GameLeft_Display[6]     ; Incomplete set of assignments ;
; GameRight_Display[0]    ; Incomplete set of assignments ;
; GameRight_Display[1]    ; Incomplete set of assignments ;
; GameRight_Display[2]    ; Incomplete set of assignments ;
; GameRight_Display[3]    ; Incomplete set of assignments ;
; GameRight_Display[4]    ; Incomplete set of assignments ;
; GameRight_Display[5]    ; Incomplete set of assignments ;
; GameRight_Display[6]    ; Incomplete set of assignments ;
; Logged_In_LED           ; Incomplete set of assignments ;
; Logged_Out_LED          ; Incomplete set of assignments ;
; LEDs[0]                 ; Incomplete set of assignments ;
; LEDs[1]                 ; Incomplete set of assignments ;
; LEDs[2]                 ; Incomplete set of assignments ;
; LEDs[3]                 ; Incomplete set of assignments ;
; LEDs[4]                 ; Incomplete set of assignments ;
; LEDs[5]                 ; Incomplete set of assignments ;
; LEDs[6]                 ; Incomplete set of assignments ;
; LEDs[7]                 ; Incomplete set of assignments ;
; LEDs[8]                 ; Incomplete set of assignments ;
; LEDs[9]                 ; Incomplete set of assignments ;
; clk                     ; Incomplete set of assignments ;
; rst                     ; Incomplete set of assignments ;
; Player_Switch[3]        ; Incomplete set of assignments ;
; Player_Switch[1]        ; Incomplete set of assignments ;
; Player_Switch[2]        ; Incomplete set of assignments ;
; Player_Switch[0]        ; Incomplete set of assignments ;
; Player_LoadButton       ; Incomplete set of assignments ;
; Level_Button            ; Incomplete set of assignments ;
; PasswordGameStartButton ; Incomplete set of assignments ;
; Password_Switch[3]      ; Incomplete set of assignments ;
; Password_Switch[0]      ; Incomplete set of assignments ;
; Password_Switch[1]      ; Incomplete set of assignments ;
; Password_Switch[2]      ; Incomplete set of assignments ;
; Logged_In_LED           ; Missing location assignment   ;
; Logged_Out_LED          ; Missing location assignment   ;
+-------------------------+-------------------------------+


+---------------------------------------------------------------------------------------------------------------------------------------------------------------------------------------------------------------------------------------------------------------------------------------------------------------------------------------------------------------------------------------------------------------------------------------------------------------------------------------------------------------------------------------------------------------------------------------------------------------------+
; Fitter Resource Utilization by Entity                                                                                                                                                                                                                                                                                                                                                                                                                                                                                                                                                                               ;
+---------------------------------------------------------------+----------------------+----------------------------------+---------------------------------------------------+----------------------------------+----------------------+---------------------+---------------------------+---------------+-------------------+-------+------------+------+--------------+-----------------------------------------------------------------------------------------------------------------------------------------------------------------------------------------+-----------------------------------+--------------+
; Compilation Hierarchy Node                                    ; ALMs needed [=A-B+C] ; [A] ALMs used in final placement ; [B] Estimate of ALMs recoverable by dense packing ; [C] Estimate of ALMs unavailable ; ALMs used for memory ; Combinational ALUTs ; Dedicated Logic Registers ; I/O Registers ; Block Memory Bits ; M10Ks ; DSP Blocks ; Pins ; Virtual Pins ; Full Hierarchy Name                                                                                                                                                                     ; Entity Name                       ; Library Name ;
+---------------------------------------------------------------+----------------------+----------------------------------+---------------------------------------------------+----------------------------------+----------------------+---------------------+---------------------------+---------------+-------------------+-------+------------+------+--------------+-----------------------------------------------------------------------------------------------------------------------------------------------------------------------------------------+-----------------------------------+--------------+
; |FinalProject_PrimeNumGuessingGame                            ; 318.0 (15.5)         ; 325.5 (15.7)                     ; 7.5 (0.2)                                         ; 0.0 (0.0)                        ; 0.0 (0.0)            ; 543 (26)            ; 363 (0)                   ; 0 (0)         ; 832               ; 4     ; 0          ; 67   ; 0            ; |FinalProject_PrimeNumGuessingGame                                                                                                                                                      ; FinalProject_PrimeNumGuessingGame ; work         ;
;    |Authentication:AuthenticationModule|                      ; 97.5 (0.0)           ; 97.7 (0.0)                       ; 0.3 (0.0)                                         ; 0.0 (0.0)                        ; 0.0 (0.0)            ; 169 (0)             ; 127 (0)                   ; 0 (0)         ; 320               ; 2     ; 0          ; 0    ; 0            ; |FinalProject_PrimeNumGuessingGame|Authentication:AuthenticationModule                                                                                                                  ; Authentication                    ; work         ;
;       |ID_Checking_Module:DUT_ID_Checking_Module|             ; 44.8 (44.8)          ; 44.8 (44.8)                      ; 0.0 (0.0)                                         ; 0.0 (0.0)                        ; 0.0 (0.0)            ; 75 (75)             ; 54 (54)                   ; 0 (0)         ; 0                 ; 0     ; 0          ; 0    ; 0            ; |FinalProject_PrimeNumGuessingGame|Authentication:AuthenticationModule|ID_Checking_Module:DUT_ID_Checking_Module                                                                        ; ID_Checking_Module                ; work         ;
;       |Password_Checking_Module:DUT_Password_Checking_Module| ; 52.5 (52.5)          ; 52.9 (52.9)                      ; 0.4 (0.4)                                         ; 0.0 (0.0)                        ; 0.0 (0.0)            ; 94 (94)             ; 73 (73)                   ; 0 (0)         ; 0                 ; 0     ; 0          ; 0    ; 0            ; |FinalProject_PrimeNumGuessingGame|Authentication:AuthenticationModule|Password_Checking_Module:DUT_Password_Checking_Module                                                            ; Password_Checking_Module          ; work         ;
;       |Password_ROM:DUT_Password_ROM|                         ; 0.0 (0.0)            ; 0.0 (0.0)                        ; 0.0 (0.0)                                         ; 0.0 (0.0)                        ; 0.0 (0.0)            ; 0 (0)               ; 0 (0)                     ; 0 (0)         ; 192               ; 1     ; 0          ; 0    ; 0            ; |FinalProject_PrimeNumGuessingGame|Authentication:AuthenticationModule|Password_ROM:DUT_Password_ROM                                                                                    ; Password_ROM                      ; work         ;
;          |altsyncram:altsyncram_component|                    ; 0.0 (0.0)            ; 0.0 (0.0)                        ; 0.0 (0.0)                                         ; 0.0 (0.0)                        ; 0.0 (0.0)            ; 0 (0)               ; 0 (0)                     ; 0 (0)         ; 192               ; 1     ; 0          ; 0    ; 0            ; |FinalProject_PrimeNumGuessingGame|Authentication:AuthenticationModule|Password_ROM:DUT_Password_ROM|altsyncram:altsyncram_component                                                    ; altsyncram                        ; work         ;
;             |altsyncram_c3g1:auto_generated|                  ; 0.0 (0.0)            ; 0.0 (0.0)                        ; 0.0 (0.0)                                         ; 0.0 (0.0)                        ; 0.0 (0.0)            ; 0 (0)               ; 0 (0)                     ; 0 (0)         ; 192               ; 1     ; 0          ; 0    ; 0            ; |FinalProject_PrimeNumGuessingGame|Authentication:AuthenticationModule|Password_ROM:DUT_Password_ROM|altsyncram:altsyncram_component|altsyncram_c3g1:auto_generated                     ; altsyncram_c3g1                   ; work         ;
;       |PlayerID_ROM:DUT_PlayerID_ROM|                         ; 0.0 (0.0)            ; 0.0 (0.0)                        ; 0.0 (0.0)                                         ; 0.0 (0.0)                        ; 0.0 (0.0)            ; 0 (0)               ; 0 (0)                     ; 0 (0)         ; 128               ; 1     ; 0          ; 0    ; 0            ; |FinalProject_PrimeNumGuessingGame|Authentication:AuthenticationModule|PlayerID_ROM:DUT_PlayerID_ROM                                                                                    ; PlayerID_ROM                      ; work         ;
;          |altsyncram:altsyncram_component|                    ; 0.0 (0.0)            ; 0.0 (0.0)                        ; 0.0 (0.0)                                         ; 0.0 (0.0)                        ; 0.0 (0.0)            ; 0 (0)               ; 0 (0)                     ; 0 (0)         ; 128               ; 1     ; 0          ; 0    ; 0            ; |FinalProject_PrimeNumGuessingGame|Authentication:AuthenticationModule|PlayerID_ROM:DUT_PlayerID_ROM|altsyncram:altsyncram_component                                                    ; altsyncram                        ; work         ;
;             |altsyncram_k2g1:auto_generated|                  ; 0.0 (0.0)            ; 0.0 (0.0)                        ; 0.0 (0.0)                                         ; 0.0 (0.0)                        ; 0.0 (0.0)            ; 0 (0)               ; 0 (0)                     ; 0 (0)         ; 128               ; 1     ; 0          ; 0    ; 0            ; |FinalProject_PrimeNumGuessingGame|Authentication:AuthenticationModule|PlayerID_ROM:DUT_PlayerID_ROM|altsyncram:altsyncram_component|altsyncram_k2g1:auto_generated                     ; altsyncram_k2g1                   ; work         ;
;    |ButtonShaper:LevelButtonShaper|                           ; 1.0 (1.0)            ; 1.0 (1.0)                        ; 0.0 (0.0)                                         ; 0.0 (0.0)                        ; 0.0 (0.0)            ; 2 (2)               ; 2 (2)                     ; 0 (0)         ; 0                 ; 0     ; 0          ; 0    ; 0            ; |FinalProject_PrimeNumGuessingGame|ButtonShaper:LevelButtonShaper                                                                                                                       ; ButtonShaper                      ; work         ;
;    |ButtonShaper:PlayerLoadButtonShaper|                      ; 1.0 (1.0)            ; 1.0 (1.0)                        ; 0.0 (0.0)                                         ; 0.0 (0.0)                        ; 0.0 (0.0)            ; 2 (2)               ; 2 (2)                     ; 0 (0)         ; 0                 ; 0     ; 0          ; 0    ; 0            ; |FinalProject_PrimeNumGuessingGame|ButtonShaper:PlayerLoadButtonShaper                                                                                                                  ; ButtonShaper                      ; work         ;
;    |ButtonShaper:StartButtonShaper|                           ; 1.0 (1.0)            ; 1.0 (1.0)                        ; 0.0 (0.0)                                         ; 0.0 (0.0)                        ; 0.0 (0.0)            ; 2 (2)               ; 2 (2)                     ; 0 (0)         ; 0                 ; 0     ; 0          ; 0    ; 0            ; |FinalProject_PrimeNumGuessingGame|ButtonShaper:StartButtonShaper                                                                                                                       ; ButtonShaper                      ; work         ;
;    |DisplayController:DisplayModule|                          ; 2.0 (2.0)            ; 2.0 (2.0)                        ; 0.0 (0.0)                                         ; 0.0 (0.0)                        ; 0.0 (0.0)            ; 4 (4)               ; 3 (3)                     ; 0 (0)         ; 0                 ; 0     ; 0          ; 0    ; 0            ; |FinalProject_PrimeNumGuessingGame|DisplayController:DisplayModule                                                                                                                      ; DisplayController                 ; work         ;
;    |LevelSelector:LevelSelectorModule|                        ; 1.0 (1.0)            ; 1.0 (1.0)                        ; 0.0 (0.0)                                         ; 0.0 (0.0)                        ; 0.0 (0.0)            ; 2 (2)               ; 2 (2)                     ; 0 (0)         ; 0                 ; 0     ; 0          ; 0    ; 0            ; |FinalProject_PrimeNumGuessingGame|LevelSelector:LevelSelectorModule                                                                                                                    ; LevelSelector                     ; work         ;
;    |My7SegmentDecoder_4To7:GameLeftDisplayModule|             ; 2.3 (2.3)            ; 2.8 (2.8)                        ; 0.5 (0.5)                                         ; 0.0 (0.0)                        ; 0.0 (0.0)            ; 7 (7)               ; 0 (0)                     ; 0 (0)         ; 0                 ; 0     ; 0          ; 0    ; 0            ; |FinalProject_PrimeNumGuessingGame|My7SegmentDecoder_4To7:GameLeftDisplayModule                                                                                                         ; My7SegmentDecoder_4To7            ; work         ;
;    |My7SegmentDecoder_4To7:GameRightDisplayModule|            ; 2.8 (2.8)            ; 2.8 (2.8)                        ; 0.0 (0.0)                                         ; 0.0 (0.0)                        ; 0.0 (0.0)            ; 7 (7)               ; 0 (0)                     ; 0 (0)         ; 0                 ; 0     ; 0          ; 0    ; 0            ; |FinalProject_PrimeNumGuessingGame|My7SegmentDecoder_4To7:GameRightDisplayModule                                                                                                        ; My7SegmentDecoder_4To7            ; work         ;
;    |My7SegmentDecoder_4To7:ScoreOnesDigitDisplayModule|       ; 2.3 (2.3)            ; 2.3 (2.3)                        ; 0.0 (0.0)                                         ; 0.0 (0.0)                        ; 0.0 (0.0)            ; 7 (7)               ; 0 (0)                     ; 0 (0)         ; 0                 ; 0     ; 0          ; 0    ; 0            ; |FinalProject_PrimeNumGuessingGame|My7SegmentDecoder_4To7:ScoreOnesDigitDisplayModule                                                                                                   ; My7SegmentDecoder_4To7            ; work         ;
;    |My7SegmentDecoder_4To7:ScoreTensDisplayModule|            ; 3.3 (3.3)            ; 3.5 (3.5)                        ; 0.2 (0.2)                                         ; 0.0 (0.0)                        ; 0.0 (0.0)            ; 7 (7)               ; 0 (0)                     ; 0 (0)         ; 0                 ; 0     ; 0          ; 0    ; 0            ; |FinalProject_PrimeNumGuessingGame|My7SegmentDecoder_4To7:ScoreTensDisplayModule                                                                                                        ; My7SegmentDecoder_4To7            ; work         ;
;    |My7SegmentDecoder_4To7:TimerOnesDisplayModule|            ; 3.5 (3.5)            ; 3.5 (3.5)                        ; 0.0 (0.0)                                         ; 0.0 (0.0)                        ; 0.0 (0.0)            ; 7 (7)               ; 0 (0)                     ; 0 (0)         ; 0                 ; 0     ; 0          ; 0    ; 0            ; |FinalProject_PrimeNumGuessingGame|My7SegmentDecoder_4To7:TimerOnesDisplayModule                                                                                                        ; My7SegmentDecoder_4To7            ; work         ;
;    |My7SegmentDecoder_4To7:TimerTensDisplayModule|            ; 3.2 (3.2)            ; 3.5 (3.5)                        ; 0.3 (0.3)                                         ; 0.0 (0.0)                        ; 0.0 (0.0)            ; 7 (7)               ; 0 (0)                     ; 0 (0)         ; 0                 ; 0     ; 0          ; 0    ; 0            ; |FinalProject_PrimeNumGuessingGame|My7SegmentDecoder_4To7:TimerTensDisplayModule                                                                                                        ; My7SegmentDecoder_4To7            ; work         ;
;    |OneSecTimer:LFSR_OneSecondTimerModule|                    ; 18.2 (0.0)           ; 20.8 (0.0)                       ; 2.7 (0.0)                                         ; 0.0 (0.0)                        ; 0.0 (0.0)            ; 29 (0)              ; 30 (0)                    ; 0 (0)         ; 0                 ; 0     ; 0          ; 0    ; 0            ; |FinalProject_PrimeNumGuessingGame|OneSecTimer:LFSR_OneSecondTimerModule                                                                                                                ; OneSecTimer                       ; work         ;
;       |countTo10Timer:DUT_countTo10Timer|                     ; 3.5 (3.5)            ; 3.7 (3.7)                        ; 0.2 (0.2)                                         ; 0.0 (0.0)                        ; 0.0 (0.0)            ; 6 (6)               ; 5 (5)                     ; 0 (0)         ; 0                 ; 0     ; 0          ; 0    ; 0            ; |FinalProject_PrimeNumGuessingGame|OneSecTimer:LFSR_OneSecondTimerModule|countTo10Timer:DUT_countTo10Timer                                                                              ; countTo10Timer                    ; work         ;
;       |hundredmsecTimer:DUT_hundredmsecTimer|                 ; 6.0 (6.0)            ; 6.1 (6.1)                        ; 0.1 (0.1)                                         ; 0.0 (0.0)                        ; 0.0 (0.0)            ; 11 (11)             ; 8 (8)                     ; 0 (0)         ; 0                 ; 0     ; 0          ; 0    ; 0            ; |FinalProject_PrimeNumGuessingGame|OneSecTimer:LFSR_OneSecondTimerModule|hundredmsecTimer:DUT_hundredmsecTimer                                                                          ; hundredmsecTimer                  ; work         ;
;       |msecTimer_LFSR:DUT_msecTimer_LFSR|                     ; 8.7 (8.7)            ; 11.0 (11.0)                      ; 2.3 (2.3)                                         ; 0.0 (0.0)                        ; 0.0 (0.0)            ; 12 (12)             ; 17 (17)                   ; 0 (0)         ; 0                 ; 0     ; 0          ; 0    ; 0            ; |FinalProject_PrimeNumGuessingGame|OneSecTimer:LFSR_OneSecondTimerModule|msecTimer_LFSR:DUT_msecTimer_LFSR                                                                              ; msecTimer_LFSR                    ; work         ;
;    |PrimeChecker:PrimeCheckerModule|                          ; 3.7 (3.7)            ; 4.7 (4.7)                        ; 1.0 (1.0)                                         ; 0.0 (0.0)                        ; 0.0 (0.0)            ; 6 (6)               ; 0 (0)                     ; 0 (0)         ; 0                 ; 0     ; 0          ; 0    ; 0            ; |FinalProject_PrimeNumGuessingGame|PrimeChecker:PrimeCheckerModule                                                                                                                      ; PrimeChecker                      ; work         ;
;    |PrimeGameController:GameControllerModule|                 ; 51.6 (51.6)          ; 51.6 (51.6)                      ; 0.0 (0.0)                                         ; 0.0 (0.0)                        ; 0.0 (0.0)            ; 88 (88)             ; 51 (51)                   ; 0 (0)         ; 0                 ; 0     ; 0          ; 0    ; 0            ; |FinalProject_PrimeNumGuessingGame|PrimeGameController:GameControllerModule                                                                                                             ; PrimeGameController               ; work         ;
;    |PrimeTargetGenerator:TargetGeneratorModule|               ; 32.0 (25.1)          ; 32.0 (25.1)                      ; 0.0 (0.0)                                         ; 0.0 (0.0)                        ; 0.0 (0.0)            ; 56 (46)             ; 39 (23)                   ; 0 (0)         ; 256               ; 1     ; 0          ; 0    ; 0            ; |FinalProject_PrimeNumGuessingGame|PrimeTargetGenerator:TargetGeneratorModule                                                                                                           ; PrimeTargetGenerator              ; work         ;
;       |ROM_PrimerNumbers:ROM_PrimerNumbers_Module|            ; 0.0 (0.0)            ; 0.0 (0.0)                        ; 0.0 (0.0)                                         ; 0.0 (0.0)                        ; 0.0 (0.0)            ; 0 (0)               ; 0 (0)                     ; 0 (0)         ; 256               ; 1     ; 0          ; 0    ; 0            ; |FinalProject_PrimeNumGuessingGame|PrimeTargetGenerator:TargetGeneratorModule|ROM_PrimerNumbers:ROM_PrimerNumbers_Module                                                                ; ROM_PrimerNumbers                 ; work         ;
;          |altsyncram:altsyncram_component|                    ; 0.0 (0.0)            ; 0.0 (0.0)                        ; 0.0 (0.0)                                         ; 0.0 (0.0)                        ; 0.0 (0.0)            ; 0 (0)               ; 0 (0)                     ; 0 (0)         ; 256               ; 1     ; 0          ; 0    ; 0            ; |FinalProject_PrimeNumGuessingGame|PrimeTargetGenerator:TargetGeneratorModule|ROM_PrimerNumbers:ROM_PrimerNumbers_Module|altsyncram:altsyncram_component                                ; altsyncram                        ; work         ;
;             |altsyncram_reg1:auto_generated|                  ; 0.0 (0.0)            ; 0.0 (0.0)                        ; 0.0 (0.0)                                         ; 0.0 (0.0)                        ; 0.0 (0.0)            ; 0 (0)               ; 0 (0)                     ; 0 (0)         ; 256               ; 1     ; 0          ; 0    ; 0            ; |FinalProject_PrimeNumGuessingGame|PrimeTargetGenerator:TargetGeneratorModule|ROM_PrimerNumbers:ROM_PrimerNumbers_Module|altsyncram:altsyncram_component|altsyncram_reg1:auto_generated ; altsyncram_reg1                   ; work         ;
;       |RandomIndexLFSR:RandomIndexLFSR_Module|                ; 6.9 (0.0)            ; 6.9 (0.0)                        ; 0.0 (0.0)                                         ; 0.0 (0.0)                        ; 0.0 (0.0)            ; 10 (0)              ; 16 (0)                    ; 0 (0)         ; 0                 ; 0     ; 0          ; 0    ; 0            ; |FinalProject_PrimeNumGuessingGame|PrimeTargetGenerator:TargetGeneratorModule|RandomIndexLFSR:RandomIndexLFSR_Module                                                                    ; RandomIndexLFSR                   ; work         ;
;          |PrimeLFSR:PrimeLFSR_Module|                         ; 6.9 (6.9)            ; 6.9 (6.9)                        ; 0.0 (0.0)                                         ; 0.0 (0.0)                        ; 0.0 (0.0)            ; 10 (10)             ; 16 (16)                   ; 0 (0)         ; 0                 ; 0     ; 0          ; 0    ; 0            ; |FinalProject_PrimeNumGuessingGame|PrimeTargetGenerator:TargetGeneratorModule|RandomIndexLFSR:RandomIndexLFSR_Module|PrimeLFSR:PrimeLFSR_Module                                         ; PrimeLFSR                         ; work         ;
;    |ScoreTracking:ScoreTrackingModule|                        ; 34.0 (34.0)          ; 38.3 (38.3)                      ; 4.3 (4.3)                                         ; 0.0 (0.0)                        ; 0.0 (0.0)            ; 57 (57)             ; 62 (62)                   ; 0 (0)         ; 0                 ; 0     ; 0          ; 0    ; 0            ; |FinalProject_PrimeNumGuessingGame|ScoreTracking:ScoreTrackingModule                                                                                                                    ; ScoreTracking                     ; work         ;
;    |Score_RAM:ScoreRAMModule|                                 ; 0.0 (0.0)            ; 0.0 (0.0)                        ; 0.0 (0.0)                                         ; 0.0 (0.0)                        ; 0.0 (0.0)            ; 0 (0)               ; 0 (0)                     ; 0 (0)         ; 256               ; 1     ; 0          ; 0    ; 0            ; |FinalProject_PrimeNumGuessingGame|Score_RAM:ScoreRAMModule                                                                                                                             ; Score_RAM                         ; work         ;
;       |altsyncram:altsyncram_component|                       ; 0.0 (0.0)            ; 0.0 (0.0)                        ; 0.0 (0.0)                                         ; 0.0 (0.0)                        ; 0.0 (0.0)            ; 0 (0)               ; 0 (0)                     ; 0 (0)         ; 256               ; 1     ; 0          ; 0    ; 0            ; |FinalProject_PrimeNumGuessingGame|Score_RAM:ScoreRAMModule|altsyncram:altsyncram_component                                                                                             ; altsyncram                        ; work         ;
;          |altsyncram_1sm1:auto_generated|                     ; 0.0 (0.0)            ; 0.0 (0.0)                        ; 0.0 (0.0)                                         ; 0.0 (0.0)                        ; 0.0 (0.0)            ; 0 (0)               ; 0 (0)                     ; 0 (0)         ; 256               ; 1     ; 0          ; 0    ; 0            ; |FinalProject_PrimeNumGuessingGame|Score_RAM:ScoreRAMModule|altsyncram:altsyncram_component|altsyncram_1sm1:auto_generated                                                              ; altsyncram_1sm1                   ; work         ;
;    |Scoreboard:ScoreboardModule|                              ; 8.5 (8.5)            ; 8.5 (8.5)                        ; 0.0 (0.0)                                         ; 0.0 (0.0)                        ; 0.0 (0.0)            ; 13 (13)             ; 9 (9)                     ; 0 (0)         ; 0                 ; 0     ; 0          ; 0    ; 0            ; |FinalProject_PrimeNumGuessingGame|Scoreboard:ScoreboardModule                                                                                                                          ; Scoreboard                        ; work         ;
;    |ThreeDigitTimer:TimerModule|                              ; 17.7 (17.7)          ; 17.7 (17.7)                      ; 0.0 (0.0)                                         ; 0.0 (0.0)                        ; 0.0 (0.0)            ; 26 (26)             ; 12 (12)                   ; 0 (0)         ; 0                 ; 0     ; 0          ; 0    ; 0            ; |FinalProject_PrimeNumGuessingGame|ThreeDigitTimer:TimerModule                                                                                                                          ; ThreeDigitTimer                   ; work         ;
;    |TwoDigitGuessInput:GuessInputModule|                      ; 12.9 (12.9)          ; 14.0 (14.0)                      ; 1.1 (1.1)                                         ; 0.0 (0.0)                        ; 0.0 (0.0)            ; 19 (19)             ; 22 (22)                   ; 0 (0)         ; 0                 ; 0     ; 0          ; 0    ; 0            ; |FinalProject_PrimeNumGuessingGame|TwoDigitGuessInput:GuessInputModule                                                                                                                  ; TwoDigitGuessInput                ; work         ;
+---------------------------------------------------------------+----------------------+----------------------------------+---------------------------------------------------+----------------------------------+----------------------+---------------------+---------------------------+---------------+-------------------+-------+------------+------+--------------+-----------------------------------------------------------------------------------------------------------------------------------------------------------------------------------------+-----------------------------------+--------------+
Note: For table entries with two numbers listed, the numbers in parentheses indicate the number of resources of the given type used by the specific entity alone. The numbers listed outside of parentheses indicate the total resources of the given type used by the specific entity and all of its sub-entities in the hierarchy.


+----------------------------------------------------------------------------------------------------------------------------------------+
; Delay Chain Summary                                                                                                                    ;
+-------------------------+----------+----+------+------+----+------+-------+--------+------------------------+--------------------------+
; Name                    ; Pin Type ; D1 ; D3_0 ; D3_1 ; D4 ; D5   ; D5 OE ; D5 OCT ; T11 (Postamble Gating) ; T11 (Postamble Ungating) ;
+-------------------------+----------+----+------+------+----+------+-------+--------+------------------------+--------------------------+
; TimerTens_Display[0]    ; Output   ; -- ; --   ; --   ; -- ; (0)  ; (31)  ; --     ; --                     ; --                       ;
; TimerTens_Display[1]    ; Output   ; -- ; --   ; --   ; -- ; (0)  ; (31)  ; --     ; --                     ; --                       ;
; TimerTens_Display[2]    ; Output   ; -- ; --   ; --   ; -- ; (0)  ; (31)  ; --     ; --                     ; --                       ;
; TimerTens_Display[3]    ; Output   ; -- ; --   ; --   ; -- ; (0)  ; (31)  ; --     ; --                     ; --                       ;
; TimerTens_Display[4]    ; Output   ; -- ; --   ; --   ; -- ; (0)  ; (31)  ; --     ; --                     ; --                       ;
; TimerTens_Display[5]    ; Output   ; -- ; --   ; --   ; -- ; (0)  ; (31)  ; --     ; --                     ; --                       ;
; TimerTens_Display[6]    ; Output   ; -- ; --   ; --   ; -- ; (0)  ; (31)  ; --     ; --                     ; --                       ;
; TimerOnes_Display[0]    ; Output   ; -- ; --   ; --   ; -- ; (0)  ; (31)  ; --     ; --                     ; --                       ;
; TimerOnes_Display[1]    ; Output   ; -- ; --   ; --   ; -- ; (0)  ; (31)  ; --     ; --                     ; --                       ;
; TimerOnes_Display[2]    ; Output   ; -- ; --   ; --   ; -- ; (0)  ; (31)  ; --     ; --                     ; --                       ;
; TimerOnes_Display[3]    ; Output   ; -- ; --   ; --   ; -- ; (0)  ; (31)  ; --     ; --                     ; --                       ;
; TimerOnes_Display[4]    ; Output   ; -- ; --   ; --   ; -- ; (0)  ; (31)  ; --     ; --                     ; --                       ;
; TimerOnes_Display[5]    ; Output   ; -- ; --   ; --   ; -- ; (0)  ; (31)  ; --     ; --                     ; --                       ;
; TimerOnes_Display[6]    ; Output   ; -- ; --   ; --   ; -- ; (0)  ; (31)  ; --     ; --                     ; --                       ;
; ScoreTens_Display[0]    ; Output   ; -- ; --   ; --   ; -- ; (0)  ; (31)  ; --     ; --                     ; --                       ;
; ScoreTens_Display[1]    ; Output   ; -- ; --   ; --   ; -- ; (0)  ; (31)  ; --     ; --                     ; --                       ;
; ScoreTens_Display[2]    ; Output   ; -- ; --   ; --   ; -- ; (0)  ; (31)  ; --     ; --                     ; --                       ;
; ScoreTens_Display[3]    ; Output   ; -- ; --   ; --   ; -- ; (0)  ; (31)  ; --     ; --                     ; --                       ;
; ScoreTens_Display[4]    ; Output   ; -- ; --   ; --   ; -- ; (0)  ; (31)  ; --     ; --                     ; --                       ;
; ScoreTens_Display[5]    ; Output   ; -- ; --   ; --   ; -- ; (0)  ; (31)  ; --     ; --                     ; --                       ;
; ScoreTens_Display[6]    ; Output   ; -- ; --   ; --   ; -- ; (0)  ; (31)  ; --     ; --                     ; --                       ;
; ScoreOnes_Display[0]    ; Output   ; -- ; --   ; --   ; -- ; (0)  ; (31)  ; --     ; --                     ; --                       ;
; ScoreOnes_Display[1]    ; Output   ; -- ; --   ; --   ; -- ; (0)  ; (31)  ; --     ; --                     ; --                       ;
; ScoreOnes_Display[2]    ; Output   ; -- ; --   ; --   ; -- ; (0)  ; (31)  ; --     ; --                     ; --                       ;
; ScoreOnes_Display[3]    ; Output   ; -- ; --   ; --   ; -- ; (0)  ; (31)  ; --     ; --                     ; --                       ;
; ScoreOnes_Display[4]    ; Output   ; -- ; --   ; --   ; -- ; (0)  ; (31)  ; --     ; --                     ; --                       ;
; ScoreOnes_Display[5]    ; Output   ; -- ; --   ; --   ; -- ; (0)  ; (31)  ; --     ; --                     ; --                       ;
; ScoreOnes_Display[6]    ; Output   ; -- ; --   ; --   ; -- ; (0)  ; (31)  ; --     ; --                     ; --                       ;
; GameLeft_Display[0]     ; Output   ; -- ; --   ; --   ; -- ; (0)  ; (31)  ; --     ; --                     ; --                       ;
; GameLeft_Display[1]     ; Output   ; -- ; --   ; --   ; -- ; (0)  ; (31)  ; --     ; --                     ; --                       ;
; GameLeft_Display[2]     ; Output   ; -- ; --   ; --   ; -- ; (0)  ; (31)  ; --     ; --                     ; --                       ;
; GameLeft_Display[3]     ; Output   ; -- ; --   ; --   ; -- ; (0)  ; (31)  ; --     ; --                     ; --                       ;
; GameLeft_Display[4]     ; Output   ; -- ; --   ; --   ; -- ; (0)  ; (31)  ; --     ; --                     ; --                       ;
; GameLeft_Display[5]     ; Output   ; -- ; --   ; --   ; -- ; (0)  ; (31)  ; --     ; --                     ; --                       ;
; GameLeft_Display[6]     ; Output   ; -- ; --   ; --   ; -- ; (0)  ; (31)  ; --     ; --                     ; --                       ;
; GameRight_Display[0]    ; Output   ; -- ; --   ; --   ; -- ; (0)  ; (31)  ; --     ; --                     ; --                       ;
; GameRight_Display[1]    ; Output   ; -- ; --   ; --   ; -- ; (0)  ; (31)  ; --     ; --                     ; --                       ;
; GameRight_Display[2]    ; Output   ; -- ; --   ; --   ; -- ; (0)  ; (31)  ; --     ; --                     ; --                       ;
; GameRight_Display[3]    ; Output   ; -- ; --   ; --   ; -- ; (0)  ; (31)  ; --     ; --                     ; --                       ;
; GameRight_Display[4]    ; Output   ; -- ; --   ; --   ; -- ; (0)  ; (31)  ; --     ; --                     ; --                       ;
; GameRight_Display[5]    ; Output   ; -- ; --   ; --   ; -- ; (0)  ; (31)  ; --     ; --                     ; --                       ;
; GameRight_Display[6]    ; Output   ; -- ; --   ; --   ; -- ; (0)  ; (31)  ; --     ; --                     ; --                       ;
; Logged_In_LED           ; Output   ; -- ; --   ; --   ; -- ; (0)  ; (31)  ; --     ; --                     ; --                       ;
; Logged_Out_LED          ; Output   ; -- ; --   ; --   ; -- ; (0)  ; (31)  ; --     ; --                     ; --                       ;
; LEDs[0]                 ; Output   ; -- ; --   ; --   ; -- ; (0)  ; (31)  ; --     ; --                     ; --                       ;
; LEDs[1]                 ; Output   ; -- ; --   ; --   ; -- ; (0)  ; (31)  ; --     ; --                     ; --                       ;
; LEDs[2]                 ; Output   ; -- ; --   ; --   ; -- ; (0)  ; (31)  ; --     ; --                     ; --                       ;
; LEDs[3]                 ; Output   ; -- ; --   ; --   ; -- ; (0)  ; (31)  ; --     ; --                     ; --                       ;
; LEDs[4]                 ; Output   ; -- ; --   ; --   ; -- ; (0)  ; (31)  ; --     ; --                     ; --                       ;
; LEDs[5]                 ; Output   ; -- ; --   ; --   ; -- ; (0)  ; (31)  ; --     ; --                     ; --                       ;
; LEDs[6]                 ; Output   ; -- ; --   ; --   ; -- ; (0)  ; (31)  ; --     ; --                     ; --                       ;
; LEDs[7]                 ; Output   ; -- ; --   ; --   ; -- ; (0)  ; (31)  ; --     ; --                     ; --                       ;
; LEDs[8]                 ; Output   ; -- ; --   ; --   ; -- ; (0)  ; (31)  ; --     ; --                     ; --                       ;
; LEDs[9]                 ; Output   ; -- ; --   ; --   ; -- ; (0)  ; (31)  ; --     ; --                     ; --                       ;
; clk                     ; Input    ; -- ; (0)  ; --   ; -- ; --   ; --    ; --     ; --                     ; --                       ;
; rst                     ; Input    ; -- ; --   ; (0)  ; -- ; --   ; --    ; --     ; --                     ; --                       ;
; Player_Switch[3]        ; Input    ; -- ; (0)  ; --   ; -- ; --   ; --    ; --     ; --                     ; --                       ;
; Player_Switch[1]        ; Input    ; -- ; (0)  ; --   ; -- ; --   ; --    ; --     ; --                     ; --                       ;
; Player_Switch[2]        ; Input    ; -- ; (0)  ; --   ; -- ; --   ; --    ; --     ; --                     ; --                       ;
; Player_Switch[0]        ; Input    ; -- ; (0)  ; --   ; -- ; --   ; --    ; --     ; --                     ; --                       ;
; Player_LoadButton       ; Input    ; -- ; (0)  ; --   ; -- ; --   ; --    ; --     ; --                     ; --                       ;
; Level_Button            ; Input    ; -- ; (0)  ; --   ; -- ; --   ; --    ; --     ; --                     ; --                       ;
; PasswordGameStartButton ; Input    ; -- ; --   ; (0)  ; -- ; --   ; --    ; --     ; --                     ; --                       ;
; Password_Switch[3]      ; Input    ; -- ; --   ; (0)  ; -- ; --   ; --    ; --     ; --                     ; --                       ;
; Password_Switch[0]      ; Input    ; -- ; (0)  ; --   ; -- ; --   ; --    ; --     ; --                     ; --                       ;
; Password_Switch[1]      ; Input    ; -- ; (0)  ; --   ; -- ; --   ; --    ; --     ; --                     ; --                       ;
; Password_Switch[2]      ; Input    ; -- ; (0)  ; --   ; -- ; --   ; --    ; --     ; --                     ; --                       ;
+-------------------------+----------+----+------+------+----+------+-------+--------+------------------------+--------------------------+


+----------------------------------------------------------------------------------------------------------------------------------------------------------------+
; Pad To Core Delay Chain Fanout                                                                                                                                 ;
+----------------------------------------------------------------------------------------------------------------------------------+-------------------+---------+
; Source Pin / Fanout                                                                                                              ; Pad To Core Index ; Setting ;
+----------------------------------------------------------------------------------------------------------------------------------+-------------------+---------+
; clk                                                                                                                              ;                   ;         ;
; rst                                                                                                                              ;                   ;         ;
;      - Authentication:AuthenticationModule|ID_Checking_Module:DUT_ID_Checking_Module|Store_ROMData[12]                           ; 1                 ; 0       ;
;      - ScoreTracking:ScoreTrackingModule|Score_RAMdata_out[7]                                                                    ; 1                 ; 0       ;
;      - Authentication:AuthenticationModule|ID_Checking_Module:DUT_ID_Checking_Module|Internal_PlayerID[0]                        ; 1                 ; 0       ;
;      - Authentication:AuthenticationModule|ID_Checking_Module:DUT_ID_Checking_Module|Internal_PlayerID[1]                        ; 1                 ; 0       ;
;      - PrimeGameController:GameControllerModule|ShowScore                                                                        ; 1                 ; 0       ;
;      - Authentication:AuthenticationModule|ID_Checking_Module:DUT_ID_Checking_Module|Internal_PlayerID[2]                        ; 1                 ; 0       ;
;      - Authentication:AuthenticationModule|Password_Checking_Module:DUT_Password_Checking_Module|Internal_PlayerID_PCM[0]        ; 1                 ; 0       ;
;      - ScoreTracking:ScoreTrackingModule|Score_RAMaddr[3]                                                                        ; 1                 ; 0       ;
;      - Authentication:AuthenticationModule|Password_Checking_Module:DUT_Password_Checking_Module|Internal_PlayerID_PCM[1]        ; 1                 ; 0       ;
;      - PrimeGameController:GameControllerModule|Wrong                                                                            ; 1                 ; 0       ;
;      - PrimeGameController:GameControllerModule|TooSmall                                                                         ; 1                 ; 0       ;
;      - PrimeGameController:GameControllerModule|TooLarge                                                                         ; 1                 ; 0       ;
;      - ScoreTracking:ScoreTrackingModule|Score_RAMaddr[4]                                                                        ; 1                 ; 0       ;
;      - Scoreboard:ScoreboardModule|load_pulse_d                                                                                  ; 1                 ; 0       ;
;      - Authentication:AuthenticationModule|Password_Checking_Module:DUT_Password_Checking_Module|Internal_PlayerID_PCM[2]        ; 1                 ; 0       ;
;      - Authentication:AuthenticationModule|Password_Checking_Module:DUT_Password_Checking_Module|IsGuest_From_PCM                ; 1                 ; 0       ;
;      - PrimeGameController:GameControllerModule|score_saved                                                                      ; 1                 ; 0       ;
;      - PrimeGameController:GameControllerModule|GameActive                                                                       ; 1                 ; 0       ;
;      - PrimeTargetGenerator:TargetGeneratorModule|RandomIndexLFSR:RandomIndexLFSR_Module|PrimeLFSR:PrimeLFSR_Module|lfsr_reg[1]  ; 1                 ; 0       ;
;      - PrimeTargetGenerator:TargetGeneratorModule|RandomIndexLFSR:RandomIndexLFSR_Module|PrimeLFSR:PrimeLFSR_Module|lfsr_reg[2]  ; 1                 ; 0       ;
;      - PrimeTargetGenerator:TargetGeneratorModule|RandomIndexLFSR:RandomIndexLFSR_Module|PrimeLFSR:PrimeLFSR_Module|lfsr_reg[3]  ; 1                 ; 0       ;
;      - PrimeTargetGenerator:TargetGeneratorModule|RandomIndexLFSR:RandomIndexLFSR_Module|PrimeLFSR:PrimeLFSR_Module|lfsr_reg[12] ; 1                 ; 0       ;
;      - PrimeTargetGenerator:TargetGeneratorModule|RandomIndexLFSR:RandomIndexLFSR_Module|PrimeLFSR:PrimeLFSR_Module|lfsr_reg[9]  ; 1                 ; 0       ;
;      - PrimeTargetGenerator:TargetGeneratorModule|RandomIndexLFSR:RandomIndexLFSR_Module|PrimeLFSR:PrimeLFSR_Module|lfsr_reg[4]  ; 1                 ; 0       ;
;      - PrimeGameController:GameControllerModule|Generate_Target                                                                  ; 1                 ; 0       ;
;      - PrimeGameController:GameControllerModule|ShowGO                                                                           ; 1                 ; 0       ;
;      - PrimeTargetGenerator:TargetGeneratorModule|RandomIndexLFSR:RandomIndexLFSR_Module|PrimeLFSR:PrimeLFSR_Module|lfsr_reg[14] ; 1                 ; 0       ;
;      - PrimeTargetGenerator:TargetGeneratorModule|RandomIndexLFSR:RandomIndexLFSR_Module|PrimeLFSR:PrimeLFSR_Module|lfsr_reg[8]  ; 1                 ; 0       ;
;      - Authentication:AuthenticationModule|ID_Checking_Module:DUT_ID_Checking_Module|Count[0]                                    ; 1                 ; 0       ;
;      - Authentication:AuthenticationModule|ID_Checking_Module:DUT_ID_Checking_Module|Count[1]                                    ; 1                 ; 0       ;
;      - Authentication:AuthenticationModule|ID_Checking_Module:DUT_ID_Checking_Module|Count[2]                                    ; 1                 ; 0       ;
;      - Authentication:AuthenticationModule|Password_Checking_Module:DUT_Password_Checking_Module|LogOut_From_PCM                 ; 1                 ; 0       ;
;      - Authentication:AuthenticationModule|ID_Checking_Module:DUT_ID_Checking_Module|Store_ROMData[15]                           ; 1                 ; 0       ;
;      - Authentication:AuthenticationModule|ID_Checking_Module:DUT_ID_Checking_Module|Store_ROMData[14]                           ; 1                 ; 0       ;
;      - Authentication:AuthenticationModule|ID_Checking_Module:DUT_ID_Checking_Module|Store_ROMData[13]                           ; 1                 ; 0       ;
;      - Authentication:AuthenticationModule|Password_Checking_Module:DUT_Password_Checking_Module|Store_ROMData[18]               ; 1                 ; 0       ;
;      - Authentication:AuthenticationModule|ID_Checking_Module:DUT_ID_Checking_Module|Store_ROMData[11]                           ; 1                 ; 0       ;
;      - Authentication:AuthenticationModule|ID_Checking_Module:DUT_ID_Checking_Module|Store_ROMData[10]                           ; 1                 ; 0       ;
;      - Authentication:AuthenticationModule|ID_Checking_Module:DUT_ID_Checking_Module|ROM_Addr[2]                                 ; 1                 ; 0       ;
;      - Authentication:AuthenticationModule|ID_Checking_Module:DUT_ID_Checking_Module|Store_ROMData[8]                            ; 1                 ; 0       ;
;      - Authentication:AuthenticationModule|ID_Checking_Module:DUT_ID_Checking_Module|Store_ROMData[7]                            ; 1                 ; 0       ;
;      - Authentication:AuthenticationModule|ID_Checking_Module:DUT_ID_Checking_Module|Store_ROMData[6]                            ; 1                 ; 0       ;
;      - Authentication:AuthenticationModule|ID_Checking_Module:DUT_ID_Checking_Module|Store_ROMData[5]                            ; 1                 ; 0       ;
;      - Authentication:AuthenticationModule|ID_Checking_Module:DUT_ID_Checking_Module|Store_ROMData[4]                            ; 1                 ; 0       ;
;      - Authentication:AuthenticationModule|ID_Checking_Module:DUT_ID_Checking_Module|Store_ROMData[3]                            ; 1                 ; 0       ;
;      - Authentication:AuthenticationModule|ID_Checking_Module:DUT_ID_Checking_Module|Store_ROMData[2]                            ; 1                 ; 0       ;
;      - Authentication:AuthenticationModule|ID_Checking_Module:DUT_ID_Checking_Module|Store_ROMData[1]                            ; 1                 ; 0       ;
;      - Authentication:AuthenticationModule|ID_Checking_Module:DUT_ID_Checking_Module|Store_ROMData[0]                            ; 1                 ; 0       ;
;      - PrimeGameController:GameControllerModule|Logout_From_GCM                                                                  ; 1                 ; 0       ;
;      - Authentication:AuthenticationModule|ID_Checking_Module:DUT_ID_Checking_Module|ROM_Addr[1]                                 ; 1                 ; 0       ;
;      - Authentication:AuthenticationModule|ID_Checking_Module:DUT_ID_Checking_Module|ROM_Addr[0]                                 ; 1                 ; 0       ;
;      - Authentication:AuthenticationModule|Password_Checking_Module:DUT_Password_Checking_Module|Store_ROMData[0]                ; 1                 ; 0       ;
;      - Authentication:AuthenticationModule|Password_Checking_Module:DUT_Password_Checking_Module|ROM_Addr[2]                     ; 1                 ; 0       ;
;      - Authentication:AuthenticationModule|Password_Checking_Module:DUT_Password_Checking_Module|Store_ROMData[1]                ; 1                 ; 0       ;
;      - Authentication:AuthenticationModule|Password_Checking_Module:DUT_Password_Checking_Module|Store_ROMData[2]                ; 1                 ; 0       ;
;      - Authentication:AuthenticationModule|Password_Checking_Module:DUT_Password_Checking_Module|Store_ROMData[3]                ; 1                 ; 0       ;
;      - Authentication:AuthenticationModule|Password_Checking_Module:DUT_Password_Checking_Module|Store_ROMData[4]                ; 1                 ; 0       ;
;      - Authentication:AuthenticationModule|Password_Checking_Module:DUT_Password_Checking_Module|Store_ROMData[5]                ; 1                 ; 0       ;
;      - Authentication:AuthenticationModule|Password_Checking_Module:DUT_Password_Checking_Module|Store_ROMData[6]                ; 1                 ; 0       ;
;      - Authentication:AuthenticationModule|Password_Checking_Module:DUT_Password_Checking_Module|Store_ROMData[7]                ; 1                 ; 0       ;
;      - Authentication:AuthenticationModule|Password_Checking_Module:DUT_Password_Checking_Module|Store_ROMData[8]                ; 1                 ; 0       ;
;      - Authentication:AuthenticationModule|Password_Checking_Module:DUT_Password_Checking_Module|Store_ROMData[9]                ; 1                 ; 0       ;
;      - Authentication:AuthenticationModule|Password_Checking_Module:DUT_Password_Checking_Module|Store_ROMData[10]               ; 1                 ; 0       ;
;      - Authentication:AuthenticationModule|Password_Checking_Module:DUT_Password_Checking_Module|Store_ROMData[11]               ; 1                 ; 0       ;
;      - Authentication:AuthenticationModule|Password_Checking_Module:DUT_Password_Checking_Module|Store_ROMData[12]               ; 1                 ; 0       ;
;      - Authentication:AuthenticationModule|Password_Checking_Module:DUT_Password_Checking_Module|Store_ROMData[13]               ; 1                 ; 0       ;
;      - Authentication:AuthenticationModule|Password_Checking_Module:DUT_Password_Checking_Module|Store_ROMData[14]               ; 1                 ; 0       ;
;      - Authentication:AuthenticationModule|Password_Checking_Module:DUT_Password_Checking_Module|Store_ROMData[15]               ; 1                 ; 0       ;
;      - Authentication:AuthenticationModule|Password_Checking_Module:DUT_Password_Checking_Module|Store_ROMData[16]               ; 1                 ; 0       ;
;      - Authentication:AuthenticationModule|Password_Checking_Module:DUT_Password_Checking_Module|Store_ROMData[17]               ; 1                 ; 0       ;
;      - Authentication:AuthenticationModule|Password_Checking_Module:DUT_Password_Checking_Module|ROM_Addr[1]                     ; 1                 ; 0       ;
;      - Authentication:AuthenticationModule|Password_Checking_Module:DUT_Password_Checking_Module|Store_ROMData[19]               ; 1                 ; 0       ;
;      - Authentication:AuthenticationModule|Password_Checking_Module:DUT_Password_Checking_Module|Store_ROMData[20]               ; 1                 ; 0       ;
;      - Authentication:AuthenticationModule|Password_Checking_Module:DUT_Password_Checking_Module|Store_ROMData[21]               ; 1                 ; 0       ;
;      - Authentication:AuthenticationModule|Password_Checking_Module:DUT_Password_Checking_Module|Store_ROMData[22]               ; 1                 ; 0       ;
;      - Authentication:AuthenticationModule|Password_Checking_Module:DUT_Password_Checking_Module|Store_ROMData[23]               ; 1                 ; 0       ;
;      - Authentication:AuthenticationModule|Password_Checking_Module:DUT_Password_Checking_Module|ROM_Addr[0]                     ; 1                 ; 0       ;
;      - ScoreTracking:ScoreTrackingModule|Score_RAMdata_out[0]                                                                    ; 1                 ; 0       ;
;      - ScoreTracking:ScoreTrackingModule|Score_RAMdata_out[1]                                                                    ; 1                 ; 0       ;
;      - ScoreTracking:ScoreTrackingModule|Score_RAMdata_out[2]                                                                    ; 1                 ; 0       ;
;      - Authentication:AuthenticationModule|Password_Checking_Module:DUT_Password_Checking_Module|Logged_In                       ; 1                 ; 0       ;
;      - Authentication:AuthenticationModule|ID_Checking_Module:DUT_ID_Checking_Module|Store_ROMData[9]                            ; 1                 ; 0       ;
;      - ScoreTracking:ScoreTrackingModule|Score_RAMdata_out[3]                                                                    ; 1                 ; 0       ;
;      - ScoreTracking:ScoreTrackingModule|Score_RAMdata_out[4]                                                                    ; 1                 ; 0       ;
;      - ScoreTracking:ScoreTrackingModule|Score_RAMdata_out[5]                                                                    ; 1                 ; 0       ;
;      - ScoreTracking:ScoreTrackingModule|Score_RAMdata_out[6]                                                                    ; 1                 ; 0       ;
;      - ScoreTracking:ScoreTrackingModule|PersonalBestScore[0]                                                                    ; 1                 ; 0       ;
;      - ScoreTracking:ScoreTrackingModule|PersonalBestScore[2]                                                                    ; 1                 ; 0       ;
;      - ScoreTracking:ScoreTrackingModule|PersonalBestScore[3]                                                                    ; 1                 ; 0       ;
;      - ScoreTracking:ScoreTrackingModule|PersonalBestScore[4]                                                                    ; 1                 ; 0       ;
;      - ScoreTracking:ScoreTrackingModule|PersonalBestScore[5]                                                                    ; 1                 ; 0       ;
;      - ScoreTracking:ScoreTrackingModule|PersonalBestScore[6]                                                                    ; 1                 ; 0       ;
;      - ScoreTracking:ScoreTrackingModule|PersonalBestScore[7]                                                                    ; 1                 ; 0       ;
;      - ScoreTracking:ScoreTrackingModule|PersonalBestScore[1]                                                                    ; 1                 ; 0       ;
;      - ScoreTracking:ScoreTrackingModule|FinalScore_Reg[7]                                                                       ; 1                 ; 0       ;
;      - ScoreTracking:ScoreTrackingModule|FinalScore_Reg[6]                                                                       ; 1                 ; 0       ;
;      - ScoreTracking:ScoreTrackingModule|FinalScore_Reg[4]                                                                       ; 1                 ; 0       ;
;      - ScoreTracking:ScoreTrackingModule|PlayerInternalID_Reg[2]                                                                 ; 1                 ; 0       ;
;      - ScoreTracking:ScoreTrackingModule|FinalScore_Reg[3]                                                                       ; 1                 ; 0       ;
;      - ScoreTracking:ScoreTrackingModule|PlayerInternalID_Reg[1]                                                                 ; 1                 ; 0       ;
;      - ScoreTracking:ScoreTrackingModule|FinalScore_Reg[0]                                                                       ; 1                 ; 0       ;
;      - ScoreTracking:ScoreTrackingModule|FinalScore_Reg[1]                                                                       ; 1                 ; 0       ;
;      - ScoreTracking:ScoreTrackingModule|FinalScore_Reg[2]                                                                       ; 1                 ; 0       ;
;      - ScoreTracking:ScoreTrackingModule|PlayerInternalID_Reg[0]                                                                 ; 1                 ; 0       ;
;      - ScoreTracking:ScoreTrackingModule|FinalScore_Reg[5]                                                                       ; 1                 ; 0       ;
;      - ScoreTracking:ScoreTrackingModule|Global_WinnerScore[7]                                                                   ; 1                 ; 0       ;
;      - ScoreTracking:ScoreTrackingModule|Global_WinnerScore[6]                                                                   ; 1                 ; 0       ;
;      - ScoreTracking:ScoreTrackingModule|Global_WinnerScore[0]                                                                   ; 1                 ; 0       ;
;      - ScoreTracking:ScoreTrackingModule|Global_WinnerScore[1]                                                                   ; 1                 ; 0       ;
;      - ScoreTracking:ScoreTrackingModule|Global_WinnerScore[2]                                                                   ; 1                 ; 0       ;
;      - ScoreTracking:ScoreTrackingModule|Global_WinnerScore[3]                                                                   ; 1                 ; 0       ;
;      - ScoreTracking:ScoreTrackingModule|Global_WinnerScore[5]                                                                   ; 1                 ; 0       ;
;      - ScoreTracking:ScoreTrackingModule|Global_WinnerScore[4]                                                                   ; 1                 ; 0       ;
;      - ThreeDigitTimer:TimerModule|Hundredsdigit[0]                                                                              ; 1                 ; 0       ;
;      - ThreeDigitTimer:TimerModule|Hundredsdigit[1]                                                                              ; 1                 ; 0       ;
;      - DisplayController:DisplayModule|result_code[0]                                                                            ; 1                 ; 0       ;
;      - DisplayController:DisplayModule|result_code[1]                                                                            ; 1                 ; 0       ;
;      - DisplayController:DisplayModule|result_code[2]                                                                            ; 1                 ; 0       ;
;      - ScoreTracking:ScoreTrackingModule|valid                                                                                   ; 1                 ; 0       ;
;      - ScoreTracking:ScoreTrackingModule|Global_Winner                                                                           ; 1                 ; 0       ;
;      - ScoreTracking:ScoreTrackingModule|Personal_Winner                                                                         ; 1                 ; 0       ;
;      - LevelSelector:LevelSelectorModule|level[0]                                                                                ; 1                 ; 0       ;
;      - LevelSelector:LevelSelectorModule|level[1]                                                                                ; 1                 ; 0       ;
;      - ScoreTracking:ScoreTrackingModule|Score_RAMaddr[0]                                                                        ; 1                 ; 0       ;
;      - ScoreTracking:ScoreTrackingModule|Score_RAMaddr[1]                                                                        ; 1                 ; 0       ;
;      - ScoreTracking:ScoreTrackingModule|Score_RAMaddr[2]                                                                        ; 1                 ; 0       ;
;      - PrimeGameController:GameControllerModule|score_request                                                                    ; 1                 ; 0       ;
;      - ScoreTracking:ScoreTrackingModule|PlayerPlayed[7]                                                                         ; 1                 ; 0       ;
;      - ScoreTracking:ScoreTrackingModule|PlayerPlayed[6]                                                                         ; 1                 ; 0       ;
;      - ScoreTracking:ScoreTrackingModule|PlayerPlayed[5]                                                                         ; 1                 ; 0       ;
;      - ScoreTracking:ScoreTrackingModule|PlayerPlayed[4]                                                                         ; 1                 ; 0       ;
;      - ScoreTracking:ScoreTrackingModule|PlayerPlayed[3]                                                                         ; 1                 ; 0       ;
;      - ScoreTracking:ScoreTrackingModule|PlayerPlayed[2]                                                                         ; 1                 ; 0       ;
;      - ScoreTracking:ScoreTrackingModule|PlayerPlayed[1]                                                                         ; 1                 ; 0       ;
;      - ScoreTracking:ScoreTrackingModule|PlayerPlayed[0]                                                                         ; 1                 ; 0       ;
;      - PrimeTargetGenerator:TargetGeneratorModule|target_prime[1]                                                                ; 1                 ; 0       ;
;      - OneSecTimer:LFSR_OneSecondTimerModule|countTo10Timer:DUT_countTo10Timer|OneSecTimeout                                     ; 1                 ; 0       ;
;      - PrimeGameController:GameControllerModule|Correct                                                                          ; 1                 ; 0       ;
;      - PrimeGameController:GameControllerModule|ClearGuess                                                                       ; 1                 ; 0       ;
;      - ScoreTracking:ScoreTrackingModule|GlobalScoreValid                                                                        ; 1                 ; 0       ;
;      - OneSecTimer:LFSR_OneSecondTimerModule|hundredmsecTimer:DUT_hundredmsecTimer|hundredmsecTimeOut                            ; 1                 ; 0       ;
;      - PrimeGameController:GameControllerModule|CorrectPulse                                                                     ; 1                 ; 0       ;
;      - ScoreTracking:ScoreTrackingModule|Score_write_enb                                                                         ; 1                 ; 0       ;
;      - PrimeTargetGenerator:TargetGeneratorModule|rom_address[0]                                                                 ; 1                 ; 0       ;
;      - PrimeTargetGenerator:TargetGeneratorModule|rom_address[1]                                                                 ; 1                 ; 0       ;
;      - PrimeTargetGenerator:TargetGeneratorModule|rom_address[2]                                                                 ; 1                 ; 0       ;
;      - PrimeTargetGenerator:TargetGeneratorModule|rom_address[3]                                                                 ; 1                 ; 0       ;
;      - PrimeTargetGenerator:TargetGeneratorModule|rom_address[4]                                                                 ; 1                 ; 0       ;
;      - OneSecTimer:LFSR_OneSecondTimerModule|msecTimer_LFSR:DUT_msecTimer_LFSR|msecTimeOut                                       ; 1                 ; 0       ;
;      - PrimeTargetGenerator:TargetGeneratorModule|RandomIndexLFSR:RandomIndexLFSR_Module|PrimeLFSR:PrimeLFSR_Module|lfsr_reg[5]  ; 1                 ; 0       ;
;      - OneSecTimer:LFSR_OneSecondTimerModule|msecTimer_LFSR:DUT_msecTimer_LFSR|LFSR[0]                                           ; 1                 ; 0       ;
;      - PrimeGameController:GameControllerModule|state.WAIT_SCORE_VALID                                                           ; 1                 ; 0       ;
;      - PrimeGameController:GameControllerModule|state.SHOW_WINNER_STATUS                                                         ; 1                 ; 0       ;
;      - PrimeGameController:GameControllerModule|state.SHOW_GO                                                                    ; 1                 ; 0       ;
;      - Authentication:AuthenticationModule|Password_Checking_Module:DUT_Password_Checking_Module|State.PASSED                    ; 1                 ; 0       ;
;      - ScoreTracking:ScoreTrackingModule|State.WAITFORSCORE                                                                      ; 1                 ; 0       ;
;      - ScoreTracking:ScoreTrackingModule|State.CHECK_GLOBAL                                                                      ; 1                 ; 0       ;
;      - PrimeGameController:GameControllerModule|state.ACTIVE                                                                     ; 1                 ; 0       ;
;      - PrimeGameController:GameControllerModule|state.CORRECT_SHOW                                                               ; 1                 ; 0       ;
;      - Authentication:AuthenticationModule|Password_Checking_Module:DUT_Password_Checking_Module|Tries_Count[1]                  ; 1                 ; 0       ;
;      - Authentication:AuthenticationModule|Password_Checking_Module:DUT_Password_Checking_Module|State.WAITCYCLE                 ; 1                 ; 0       ;
;      - Authentication:AuthenticationModule|Password_Checking_Module:DUT_Password_Checking_Module|State.DIGIT2                    ; 1                 ; 0       ;
;      - Authentication:AuthenticationModule|ID_Checking_Module:DUT_ID_Checking_Module|State.CHECKGUEST                            ; 1                 ; 0       ;
;      - PrimeTargetGenerator:TargetGeneratorModule|request_counter[4]                                                             ; 1                 ; 0       ;
;      - PrimeTargetGenerator:TargetGeneratorModule|request_counter[3]                                                             ; 1                 ; 0       ;
;      - Authentication:AuthenticationModule|ID_Checking_Module:DUT_ID_Checking_Module|State.FETCHROMWD                            ; 1                 ; 0       ;
;      - ThreeDigitTimer:TimerModule|Tensdigit[1]~4                                                                                ; 1                 ; 0       ;
;      - ThreeDigitTimer:TimerModule|Hundredsdigit[1]~1                                                                            ; 1                 ; 0       ;
;      - ThreeDigitTimer:TimerModule|Hundredsdigit[2]~4                                                                            ; 1                 ; 0       ;
;      - ThreeDigitTimer:TimerModule|Hundredsdigit[1]~5                                                                            ; 1                 ; 0       ;
;      - ThreeDigitTimer:TimerModule|Tensdigit[0]~0                                                                                ; 1                 ; 0       ;
;      - ThreeDigitTimer:TimerModule|Tensdigit[2]~2                                                                                ; 1                 ; 0       ;
;      - ThreeDigitTimer:TimerModule|Tensdigit[3]~3                                                                                ; 1                 ; 0       ;
;      - Scoreboard:ScoreboardModule|scoreTens~0                                                                                   ; 1                 ; 0       ;
;      - ThreeDigitTimer:TimerModule|Onesdigit[0]~0                                                                                ; 1                 ; 0       ;
;      - Scoreboard:ScoreboardModule|scoreTens~2                                                                                   ; 1                 ; 0       ;
;      - ThreeDigitTimer:TimerModule|Onesdigit[1]~2                                                                                ; 1                 ; 0       ;
;      - ThreeDigitTimer:TimerModule|Onesdigit[2]~3                                                                                ; 1                 ; 0       ;
;      - ThreeDigitTimer:TimerModule|Onesdigit[3]~4                                                                                ; 1                 ; 0       ;
;      - Scoreboard:ScoreboardModule|scoreOnes~0                                                                                   ; 1                 ; 0       ;
;      - Scoreboard:ScoreboardModule|scoreOnes[3]~1                                                                                ; 1                 ; 0       ;
;      - Scoreboard:ScoreboardModule|scoreOnes~2                                                                                   ; 1                 ; 0       ;
;      - Scoreboard:ScoreboardModule|scoreOnes~3                                                                                   ; 1                 ; 0       ;
;      - Scoreboard:ScoreboardModule|scoreOnes~5                                                                                   ; 1                 ; 0       ;
;      - DisplayController:DisplayModule|result_code[2]~1                                                                          ; 1                 ; 0       ;
;      - TwoDigitGuessInput:GuessInputModule|always0~0                                                                             ; 1                 ; 0       ;
;      - Authentication:AuthenticationModule|Password_Checking_Module:DUT_Password_Checking_Module|Logged_Out~0                    ; 1                 ; 0       ;
;      - PrimeGameController:GameControllerModule|state~19                                                                         ; 1                 ; 0       ;
;      - PrimeGameController:GameControllerModule|Timer_Reconfig~0                                                                 ; 1                 ; 0       ;
;      - TwoDigitGuessInput:GuessInputModule|temp_tens~0                                                                           ; 1                 ; 0       ;
;      - ButtonShaper:PlayerLoadButtonShaper|State~6                                                                               ; 1                 ; 0       ;
;      - TwoDigitGuessInput:GuessInputModule|temp_tens~2                                                                           ; 1                 ; 0       ;
;      - TwoDigitGuessInput:GuessInputModule|temp_tens~3                                                                           ; 1                 ; 0       ;
;      - TwoDigitGuessInput:GuessInputModule|temp_tens~4                                                                           ; 1                 ; 0       ;
;      - ScoreTracking:ScoreTrackingModule|FinalScore_Reg[7]~0                                                                     ; 1                 ; 0       ;
;      - ScoreTracking:ScoreTrackingModule|Global_WinnerScore[7]~0                                                                 ; 1                 ; 0       ;
;      - ScoreTracking:ScoreTrackingModule|State~14                                                                                ; 1                 ; 0       ;
;      - ScoreTracking:ScoreTrackingModule|PersonalBestScore[0]~0                                                                  ; 1                 ; 0       ;
;      - ButtonShaper:LevelButtonShaper|State~6                                                                                    ; 1                 ; 0       ;
;      - ButtonShaper:StartButtonShaper|State~6                                                                                    ; 1                 ; 0       ;
;      - PrimeGameController:GameControllerModule|state~21                                                                         ; 1                 ; 0       ;
;      - OneSecTimer:LFSR_OneSecondTimerModule|countTo10Timer:DUT_countTo10Timer|count~0                                           ; 1                 ; 0       ;
;      - OneSecTimer:LFSR_OneSecondTimerModule|countTo10Timer:DUT_countTo10Timer|count[1]~1                                        ; 1                 ; 0       ;
;      - OneSecTimer:LFSR_OneSecondTimerModule|countTo10Timer:DUT_countTo10Timer|count~2                                           ; 1                 ; 0       ;
;      - OneSecTimer:LFSR_OneSecondTimerModule|countTo10Timer:DUT_countTo10Timer|count~3                                           ; 1                 ; 0       ;
;      - OneSecTimer:LFSR_OneSecondTimerModule|countTo10Timer:DUT_countTo10Timer|count~4                                           ; 1                 ; 0       ;
;      - TwoDigitGuessInput:GuessInputModule|guess_ready~0                                                                         ; 1                 ; 0       ;
;      - PrimeGameController:GameControllerModule|state~22                                                                         ; 1                 ; 0       ;
;      - PrimeTargetGenerator:TargetGeneratorModule|target_prime~0                                                                 ; 1                 ; 0       ;
;      - PrimeTargetGenerator:TargetGeneratorModule|target_prime[5]~1                                                              ; 1                 ; 0       ;
;      - PrimeTargetGenerator:TargetGeneratorModule|target_prime~2                                                                 ; 1                 ; 0       ;
;      - PrimeTargetGenerator:TargetGeneratorModule|target_prime~3                                                                 ; 1                 ; 0       ;
;      - PrimeTargetGenerator:TargetGeneratorModule|target_prime~4                                                                 ; 1                 ; 0       ;
;      - PrimeTargetGenerator:TargetGeneratorModule|target_prime~6                                                                 ; 1                 ; 0       ;
;      - PrimeTargetGenerator:TargetGeneratorModule|target_prime~7                                                                 ; 1                 ; 0       ;
;      - PrimeTargetGenerator:TargetGeneratorModule|target_prime~8                                                                 ; 1                 ; 0       ;
;      - PrimeGameController:GameControllerModule|go_counter[0]~1                                                                  ; 1                 ; 0       ;
;      - PrimeGameController:GameControllerModule|go_counter[0]~2                                                                  ; 1                 ; 0       ;
;      - PrimeGameController:GameControllerModule|state~23                                                                         ; 1                 ; 0       ;
;      - PrimeGameController:GameControllerModule|state~24                                                                         ; 1                 ; 0       ;
;      - ButtonShaper:PlayerLoadButtonShaper|State~7                                                                               ; 1                 ; 0       ;
;      - PrimeGameController:GameControllerModule|state~25                                                                         ; 1                 ; 0       ;
;      - Authentication:AuthenticationModule|Password_Checking_Module:DUT_Password_Checking_Module|Tries_Count[0]~0                ; 1                 ; 0       ;
;      - Authentication:AuthenticationModule|Password_Checking_Module:DUT_Password_Checking_Module|State~19                        ; 1                 ; 0       ;
;      - Authentication:AuthenticationModule|Password_Checking_Module:DUT_Password_Checking_Module|UserEnteredPswd~0               ; 1                 ; 0       ;
;      - Authentication:AuthenticationModule|Password_Checking_Module:DUT_Password_Checking_Module|UserEnteredPswd[12]~1           ; 1                 ; 0       ;
;      - Authentication:AuthenticationModule|Password_Checking_Module:DUT_Password_Checking_Module|UserEnteredPswd~2               ; 1                 ; 0       ;
;      - Authentication:AuthenticationModule|Password_Checking_Module:DUT_Password_Checking_Module|UserEnteredPswd[18]~3           ; 1                 ; 0       ;
;      - Authentication:AuthenticationModule|Password_Checking_Module:DUT_Password_Checking_Module|UserEnteredPswd~4               ; 1                 ; 0       ;
;      - Authentication:AuthenticationModule|Password_Checking_Module:DUT_Password_Checking_Module|UserEnteredPswd~5               ; 1                 ; 0       ;
;      - Authentication:AuthenticationModule|Password_Checking_Module:DUT_Password_Checking_Module|UserEnteredPswd~6               ; 1                 ; 0       ;
;      - Authentication:AuthenticationModule|Password_Checking_Module:DUT_Password_Checking_Module|UserEnteredPswd~7               ; 1                 ; 0       ;
;      - Authentication:AuthenticationModule|Password_Checking_Module:DUT_Password_Checking_Module|UserEnteredPswd~8               ; 1                 ; 0       ;
;      - Authentication:AuthenticationModule|Password_Checking_Module:DUT_Password_Checking_Module|UserEnteredPswd[9]~9            ; 1                 ; 0       ;
;      - Authentication:AuthenticationModule|Password_Checking_Module:DUT_Password_Checking_Module|UserEnteredPswd~10              ; 1                 ; 0       ;
;      - Authentication:AuthenticationModule|Password_Checking_Module:DUT_Password_Checking_Module|UserEnteredPswd~11              ; 1                 ; 0       ;
;      - Authentication:AuthenticationModule|Password_Checking_Module:DUT_Password_Checking_Module|UserEnteredPswd~12              ; 1                 ; 0       ;
;      - Authentication:AuthenticationModule|Password_Checking_Module:DUT_Password_Checking_Module|UserEnteredPswd[4]~13           ; 1                 ; 0       ;
;      - Authentication:AuthenticationModule|Password_Checking_Module:DUT_Password_Checking_Module|UserEnteredPswd~14              ; 1                 ; 0       ;
;      - Authentication:AuthenticationModule|Password_Checking_Module:DUT_Password_Checking_Module|UserEnteredPswd~15              ; 1                 ; 0       ;
;      - Authentication:AuthenticationModule|Password_Checking_Module:DUT_Password_Checking_Module|UserEnteredPswd~16              ; 1                 ; 0       ;
;      - Authentication:AuthenticationModule|Password_Checking_Module:DUT_Password_Checking_Module|UserEnteredPswd[2]~17           ; 1                 ; 0       ;
;      - Authentication:AuthenticationModule|Password_Checking_Module:DUT_Password_Checking_Module|UserEnteredPswd~18              ; 1                 ; 0       ;
;      - Authentication:AuthenticationModule|Password_Checking_Module:DUT_Password_Checking_Module|UserEnteredPswd~19              ; 1                 ; 0       ;
;      - Authentication:AuthenticationModule|Password_Checking_Module:DUT_Password_Checking_Module|UserEnteredPswd~20              ; 1                 ; 0       ;
;      - Authentication:AuthenticationModule|Password_Checking_Module:DUT_Password_Checking_Module|UserEnteredPswd~21              ; 1                 ; 0       ;
;      - Authentication:AuthenticationModule|Password_Checking_Module:DUT_Password_Checking_Module|UserEnteredPswd~22              ; 1                 ; 0       ;
;      - Authentication:AuthenticationModule|Password_Checking_Module:DUT_Password_Checking_Module|UserEnteredPswd~23              ; 1                 ; 0       ;
;      - Authentication:AuthenticationModule|Password_Checking_Module:DUT_Password_Checking_Module|UserEnteredPswd[23]~24          ; 1                 ; 0       ;
;      - Authentication:AuthenticationModule|Password_Checking_Module:DUT_Password_Checking_Module|UserEnteredPswd~25              ; 1                 ; 0       ;
;      - Authentication:AuthenticationModule|Password_Checking_Module:DUT_Password_Checking_Module|UserEnteredPswd~26              ; 1                 ; 0       ;
;      - Authentication:AuthenticationModule|Password_Checking_Module:DUT_Password_Checking_Module|UserEnteredPswd~27              ; 1                 ; 0       ;
;      - Authentication:AuthenticationModule|Password_Checking_Module:DUT_Password_Checking_Module|UserEnteredPswd~28              ; 1                 ; 0       ;
;      - Authentication:AuthenticationModule|Password_Checking_Module:DUT_Password_Checking_Module|UserEnteredPswd~29              ; 1                 ; 0       ;
;      - ScoreTracking:ScoreTrackingModule|State~15                                                                                ; 1                 ; 0       ;
;      - ScoreTracking:ScoreTrackingModule|Score_RAMaddr[2]~1                                                                      ; 1                 ; 0       ;
;      - ScoreTracking:ScoreTrackingModule|State~16                                                                                ; 1                 ; 0       ;
;      - ScoreTracking:ScoreTrackingModule|State~17                                                                                ; 1                 ; 0       ;
;      - ButtonShaper:LevelButtonShaper|State~7                                                                                    ; 1                 ; 0       ;
;      - ButtonShaper:StartButtonShaper|State~7                                                                                    ; 1                 ; 0       ;
;      - OneSecTimer:LFSR_OneSecondTimerModule|hundredmsecTimer:DUT_hundredmsecTimer|count[3]~0                                    ; 1                 ; 0       ;
;      - OneSecTimer:LFSR_OneSecondTimerModule|hundredmsecTimer:DUT_hundredmsecTimer|count[3]~1                                    ; 1                 ; 0       ;
;      - PrimeTargetGenerator:TargetGeneratorModule|state~9                                                                        ; 1                 ; 0       ;
;      - Authentication:AuthenticationModule|Password_Checking_Module:DUT_Password_Checking_Module|State~20                        ; 1                 ; 0       ;
;      - Authentication:AuthenticationModule|Password_Checking_Module:DUT_Password_Checking_Module|UserEnteredPswd[18]~30          ; 1                 ; 0       ;
;      - Authentication:AuthenticationModule|Password_Checking_Module:DUT_Password_Checking_Module|State~21                        ; 1                 ; 0       ;
;      - Authentication:AuthenticationModule|Password_Checking_Module:DUT_Password_Checking_Module|State~22                        ; 1                 ; 0       ;
;      - Authentication:AuthenticationModule|ID_Checking_Module:DUT_ID_Checking_Module|MatchedID~0                                 ; 1                 ; 0       ;
;      - Authentication:AuthenticationModule|ID_Checking_Module:DUT_ID_Checking_Module|MatchedID~1                                 ; 1                 ; 0       ;
;      - Authentication:AuthenticationModule|Password_Checking_Module:DUT_Password_Checking_Module|UserEnteredPswd[12]~32          ; 1                 ; 0       ;
;      - Authentication:AuthenticationModule|Password_Checking_Module:DUT_Password_Checking_Module|UserEnteredPswd[9]~33           ; 1                 ; 0       ;
;      - Authentication:AuthenticationModule|Password_Checking_Module:DUT_Password_Checking_Module|UserEnteredPswd[4]~34           ; 1                 ; 0       ;
;      - Authentication:AuthenticationModule|ID_Checking_Module:DUT_ID_Checking_Module|IsGuest~3                                   ; 1                 ; 0       ;
;      - ScoreTracking:ScoreTrackingModule|State~18                                                                                ; 1                 ; 0       ;
;      - ScoreTracking:ScoreTrackingModule|State~19                                                                                ; 1                 ; 0       ;
;      - OneSecTimer:LFSR_OneSecondTimerModule|msecTimer_LFSR:DUT_msecTimer_LFSR|LFSR[1]~0                                         ; 1                 ; 0       ;
;      - OneSecTimer:LFSR_OneSecondTimerModule|msecTimer_LFSR:DUT_msecTimer_LFSR|LFSR[1]~1                                         ; 1                 ; 0       ;
;      - PrimeTargetGenerator:TargetGeneratorModule|rom_address[1]~14                                                              ; 1                 ; 0       ;
;      - PrimeTargetGenerator:TargetGeneratorModule|state~10                                                                       ; 1                 ; 0       ;
;      - Authentication:AuthenticationModule|Password_Checking_Module:DUT_Password_Checking_Module|State~23                        ; 1                 ; 0       ;
;      - ScoreTracking:ScoreTrackingModule|State~20                                                                                ; 1                 ; 0       ;
;      - PrimeTargetGenerator:TargetGeneratorModule|state~11                                                                       ; 1                 ; 0       ;
;      - PrimeTargetGenerator:TargetGeneratorModule|request_counter~0                                                              ; 1                 ; 0       ;
;      - PrimeTargetGenerator:TargetGeneratorModule|request_counter~1                                                              ; 1                 ; 0       ;
;      - PrimeTargetGenerator:TargetGeneratorModule|RandomIndexLFSR:RandomIndexLFSR_Module|PrimeLFSR:PrimeLFSR_Module|lfsr_reg~1   ; 1                 ; 0       ;
;      - PrimeTargetGenerator:TargetGeneratorModule|request_counter~2                                                              ; 1                 ; 0       ;
;      - PrimeTargetGenerator:TargetGeneratorModule|RandomIndexLFSR:RandomIndexLFSR_Module|PrimeLFSR:PrimeLFSR_Module|lfsr_reg~2   ; 1                 ; 0       ;
;      - PrimeTargetGenerator:TargetGeneratorModule|RandomIndexLFSR:RandomIndexLFSR_Module|PrimeLFSR:PrimeLFSR_Module|lfsr_reg~3   ; 1                 ; 0       ;
;      - PrimeTargetGenerator:TargetGeneratorModule|state~12                                                                       ; 1                 ; 0       ;
;      - Authentication:AuthenticationModule|Password_Checking_Module:DUT_Password_Checking_Module|State~24                        ; 1                 ; 0       ;
;      - Authentication:AuthenticationModule|ID_Checking_Module:DUT_ID_Checking_Module|State~17                                    ; 1                 ; 0       ;
;      - Authentication:AuthenticationModule|ID_Checking_Module:DUT_ID_Checking_Module|UserEnteredID~0                             ; 1                 ; 0       ;
;      - Authentication:AuthenticationModule|ID_Checking_Module:DUT_ID_Checking_Module|UserEnteredID[15]~1                         ; 1                 ; 0       ;
;      - Authentication:AuthenticationModule|ID_Checking_Module:DUT_ID_Checking_Module|UserEnteredID~2                             ; 1                 ; 0       ;
;      - Authentication:AuthenticationModule|ID_Checking_Module:DUT_ID_Checking_Module|UserEnteredID~3                             ; 1                 ; 0       ;
;      - Authentication:AuthenticationModule|ID_Checking_Module:DUT_ID_Checking_Module|UserEnteredID~4                             ; 1                 ; 0       ;
;      - Authentication:AuthenticationModule|ID_Checking_Module:DUT_ID_Checking_Module|UserEnteredID~5                             ; 1                 ; 0       ;
;      - Authentication:AuthenticationModule|ID_Checking_Module:DUT_ID_Checking_Module|UserEnteredID[11]~6                         ; 1                 ; 0       ;
;      - Authentication:AuthenticationModule|ID_Checking_Module:DUT_ID_Checking_Module|UserEnteredID~7                             ; 1                 ; 0       ;
;      - Authentication:AuthenticationModule|ID_Checking_Module:DUT_ID_Checking_Module|UserEnteredID~8                             ; 1                 ; 0       ;
;      - Authentication:AuthenticationModule|ID_Checking_Module:DUT_ID_Checking_Module|UserEnteredID~9                             ; 1                 ; 0       ;
;      - Authentication:AuthenticationModule|ID_Checking_Module:DUT_ID_Checking_Module|UserEnteredID[7]~10                         ; 1                 ; 0       ;
;      - Authentication:AuthenticationModule|ID_Checking_Module:DUT_ID_Checking_Module|UserEnteredID~11                            ; 1                 ; 0       ;
;      - Authentication:AuthenticationModule|ID_Checking_Module:DUT_ID_Checking_Module|UserEnteredID~12                            ; 1                 ; 0       ;
;      - Authentication:AuthenticationModule|ID_Checking_Module:DUT_ID_Checking_Module|UserEnteredID~13                            ; 1                 ; 0       ;
;      - Authentication:AuthenticationModule|ID_Checking_Module:DUT_ID_Checking_Module|UserEnteredID[0]~14                         ; 1                 ; 0       ;
;      - Authentication:AuthenticationModule|ID_Checking_Module:DUT_ID_Checking_Module|UserEnteredID~15                            ; 1                 ; 0       ;
;      - Authentication:AuthenticationModule|ID_Checking_Module:DUT_ID_Checking_Module|UserEnteredID~16                            ; 1                 ; 0       ;
;      - Authentication:AuthenticationModule|ID_Checking_Module:DUT_ID_Checking_Module|UserEnteredID~17                            ; 1                 ; 0       ;
;      - Authentication:AuthenticationModule|ID_Checking_Module:DUT_ID_Checking_Module|UserEnteredID~18                            ; 1                 ; 0       ;
;      - Authentication:AuthenticationModule|ID_Checking_Module:DUT_ID_Checking_Module|UserEnteredID~19                            ; 1                 ; 0       ;
;      - Authentication:AuthenticationModule|Password_Checking_Module:DUT_Password_Checking_Module|State~25                        ; 1                 ; 0       ;
;      - Authentication:AuthenticationModule|ID_Checking_Module:DUT_ID_Checking_Module|State~18                                    ; 1                 ; 0       ;
;      - Authentication:AuthenticationModule|ID_Checking_Module:DUT_ID_Checking_Module|State~19                                    ; 1                 ; 0       ;
;      - PrimeTargetGenerator:TargetGeneratorModule|state~13                                                                       ; 1                 ; 0       ;
;      - PrimeTargetGenerator:TargetGeneratorModule|RandomIndexLFSR:RandomIndexLFSR_Module|PrimeLFSR:PrimeLFSR_Module|lfsr_reg~4   ; 1                 ; 0       ;
;      - PrimeTargetGenerator:TargetGeneratorModule|RandomIndexLFSR:RandomIndexLFSR_Module|PrimeLFSR:PrimeLFSR_Module|lfsr_reg~5   ; 1                 ; 0       ;
;      - PrimeTargetGenerator:TargetGeneratorModule|RandomIndexLFSR:RandomIndexLFSR_Module|PrimeLFSR:PrimeLFSR_Module|lfsr_reg~7   ; 1                 ; 0       ;
;      - Authentication:AuthenticationModule|ID_Checking_Module:DUT_ID_Checking_Module|State~20                                    ; 1                 ; 0       ;
;      - Authentication:AuthenticationModule|ID_Checking_Module:DUT_ID_Checking_Module|State~21                                    ; 1                 ; 0       ;
;      - Authentication:AuthenticationModule|ID_Checking_Module:DUT_ID_Checking_Module|UserEnteredID[11]~20                        ; 1                 ; 0       ;
;      - Authentication:AuthenticationModule|ID_Checking_Module:DUT_ID_Checking_Module|UserEnteredID[7]~21                         ; 1                 ; 0       ;
;      - Authentication:AuthenticationModule|ID_Checking_Module:DUT_ID_Checking_Module|State~22                                    ; 1                 ; 0       ;
;      - Authentication:AuthenticationModule|ID_Checking_Module:DUT_ID_Checking_Module|State~23                                    ; 1                 ; 0       ;
;      - PrimeTargetGenerator:TargetGeneratorModule|RandomIndexLFSR:RandomIndexLFSR_Module|PrimeLFSR:PrimeLFSR_Module|lfsr_reg~9   ; 1                 ; 0       ;
;      - Scoreboard:ScoreboardModule|scoreTens~3                                                                                   ; 1                 ; 0       ;
;      - Scoreboard:ScoreboardModule|scoreTens~4                                                                                   ; 1                 ; 0       ;
; Player_Switch[3]                                                                                                                 ;                   ;         ;
;      - TwoDigitGuessInput:GuessInputModule|ones[3]                                                                               ; 0                 ; 0       ;
;      - TwoDigitGuessInput:GuessInputModule|Add0~5                                                                                ; 0                 ; 0       ;
;      - TwoDigitGuessInput:GuessInputModule|Add0~1                                                                                ; 0                 ; 0       ;
;      - TwoDigitGuessInput:GuessInputModule|Add0~17                                                                               ; 0                 ; 0       ;
;      - TwoDigitGuessInput:GuessInputModule|always0~1                                                                             ; 0                 ; 0       ;
;      - TwoDigitGuessInput:GuessInputModule|temp_tens~4                                                                           ; 0                 ; 0       ;
; Player_Switch[1]                                                                                                                 ;                   ;         ;
;      - TwoDigitGuessInput:GuessInputModule|ones[1]                                                                               ; 0                 ; 0       ;
;      - TwoDigitGuessInput:GuessInputModule|Add0~9                                                                                ; 0                 ; 0       ;
;      - TwoDigitGuessInput:GuessInputModule|always0~1                                                                             ; 0                 ; 0       ;
;      - TwoDigitGuessInput:GuessInputModule|temp_tens~2                                                                           ; 0                 ; 0       ;
; Player_Switch[2]                                                                                                                 ;                   ;         ;
;      - TwoDigitGuessInput:GuessInputModule|ones[2]                                                                               ; 0                 ; 0       ;
;      - TwoDigitGuessInput:GuessInputModule|Add0~13                                                                               ; 0                 ; 0       ;
;      - TwoDigitGuessInput:GuessInputModule|always0~1                                                                             ; 0                 ; 0       ;
;      - TwoDigitGuessInput:GuessInputModule|temp_tens~3                                                                           ; 0                 ; 0       ;
; Player_Switch[0]                                                                                                                 ;                   ;         ;
;      - TwoDigitGuessInput:GuessInputModule|guess[0]                                                                              ; 0                 ; 0       ;
;      - TwoDigitGuessInput:GuessInputModule|temp_tens~0                                                                           ; 0                 ; 0       ;
; Player_LoadButton                                                                                                                ;                   ;         ;
;      - ButtonShaper:PlayerLoadButtonShaper|State~6                                                                               ; 0                 ; 0       ;
;      - ButtonShaper:PlayerLoadButtonShaper|State~7                                                                               ; 0                 ; 0       ;
; Level_Button                                                                                                                     ;                   ;         ;
;      - ButtonShaper:LevelButtonShaper|State~6                                                                                    ; 0                 ; 0       ;
;      - ButtonShaper:LevelButtonShaper|State~7                                                                                    ; 0                 ; 0       ;
; PasswordGameStartButton                                                                                                          ;                   ;         ;
;      - ButtonShaper:StartButtonShaper|State~6                                                                                    ; 1                 ; 0       ;
;      - ButtonShaper:StartButtonShaper|State~7                                                                                    ; 1                 ; 0       ;
; Password_Switch[3]                                                                                                               ;                   ;         ;
;      - Authentication:AuthenticationModule|Password_Checking_Module:DUT_Password_Checking_Module|UserEnteredPswd~0               ; 1                 ; 0       ;
;      - Authentication:AuthenticationModule|Password_Checking_Module:DUT_Password_Checking_Module|UserEnteredPswd~11              ; 1                 ; 0       ;
;      - Authentication:AuthenticationModule|Password_Checking_Module:DUT_Password_Checking_Module|UserEnteredPswd~14              ; 1                 ; 0       ;
;      - Authentication:AuthenticationModule|Password_Checking_Module:DUT_Password_Checking_Module|UserEnteredPswd~20              ; 1                 ; 0       ;
;      - Authentication:AuthenticationModule|Password_Checking_Module:DUT_Password_Checking_Module|UserEnteredPswd~25              ; 1                 ; 0       ;
;      - Authentication:AuthenticationModule|Password_Checking_Module:DUT_Password_Checking_Module|UserEnteredPswd~27              ; 1                 ; 0       ;
;      - Authentication:AuthenticationModule|ID_Checking_Module:DUT_ID_Checking_Module|UserEnteredID~0                             ; 1                 ; 0       ;
;      - Authentication:AuthenticationModule|ID_Checking_Module:DUT_ID_Checking_Module|UserEnteredID~8                             ; 1                 ; 0       ;
;      - Authentication:AuthenticationModule|ID_Checking_Module:DUT_ID_Checking_Module|UserEnteredID~11                            ; 1                 ; 0       ;
;      - Authentication:AuthenticationModule|ID_Checking_Module:DUT_ID_Checking_Module|UserEnteredID~17                            ; 1                 ; 0       ;
; Password_Switch[0]                                                                                                               ;                   ;         ;
;      - Authentication:AuthenticationModule|Password_Checking_Module:DUT_Password_Checking_Module|UserEnteredPswd~2               ; 0                 ; 0       ;
;      - Authentication:AuthenticationModule|Password_Checking_Module:DUT_Password_Checking_Module|UserEnteredPswd~5               ; 0                 ; 0       ;
;      - Authentication:AuthenticationModule|Password_Checking_Module:DUT_Password_Checking_Module|UserEnteredPswd~15              ; 0                 ; 0       ;
;      - Authentication:AuthenticationModule|Password_Checking_Module:DUT_Password_Checking_Module|UserEnteredPswd~16              ; 0                 ; 0       ;
;      - Authentication:AuthenticationModule|Password_Checking_Module:DUT_Password_Checking_Module|UserEnteredPswd~21              ; 0                 ; 0       ;
;      - Authentication:AuthenticationModule|Password_Checking_Module:DUT_Password_Checking_Module|UserEnteredPswd~23              ; 0                 ; 0       ;
;      - Authentication:AuthenticationModule|ID_Checking_Module:DUT_ID_Checking_Module|UserEnteredID~2                             ; 0                 ; 0       ;
;      - Authentication:AuthenticationModule|ID_Checking_Module:DUT_ID_Checking_Module|UserEnteredID~12                            ; 0                 ; 0       ;
;      - Authentication:AuthenticationModule|ID_Checking_Module:DUT_ID_Checking_Module|UserEnteredID~13                            ; 0                 ; 0       ;
;      - Authentication:AuthenticationModule|ID_Checking_Module:DUT_ID_Checking_Module|UserEnteredID~18                            ; 0                 ; 0       ;
; Password_Switch[1]                                                                                                               ;                   ;         ;
;      - Authentication:AuthenticationModule|Password_Checking_Module:DUT_Password_Checking_Module|UserEnteredPswd~4               ; 0                 ; 0       ;
;      - Authentication:AuthenticationModule|Password_Checking_Module:DUT_Password_Checking_Module|UserEnteredPswd~6               ; 0                 ; 0       ;
;      - Authentication:AuthenticationModule|Password_Checking_Module:DUT_Password_Checking_Module|UserEnteredPswd~8               ; 0                 ; 0       ;
;      - Authentication:AuthenticationModule|Password_Checking_Module:DUT_Password_Checking_Module|UserEnteredPswd~18              ; 0                 ; 0       ;
;      - Authentication:AuthenticationModule|Password_Checking_Module:DUT_Password_Checking_Module|UserEnteredPswd~22              ; 0                 ; 0       ;
;      - Authentication:AuthenticationModule|Password_Checking_Module:DUT_Password_Checking_Module|UserEnteredPswd~28              ; 0                 ; 0       ;
;      - Authentication:AuthenticationModule|ID_Checking_Module:DUT_ID_Checking_Module|UserEnteredID~3                             ; 0                 ; 0       ;
;      - Authentication:AuthenticationModule|ID_Checking_Module:DUT_ID_Checking_Module|UserEnteredID~5                             ; 0                 ; 0       ;
;      - Authentication:AuthenticationModule|ID_Checking_Module:DUT_ID_Checking_Module|UserEnteredID~15                            ; 0                 ; 0       ;
;      - Authentication:AuthenticationModule|ID_Checking_Module:DUT_ID_Checking_Module|UserEnteredID~19                            ; 0                 ; 0       ;
; Password_Switch[2]                                                                                                               ;                   ;         ;
;      - Authentication:AuthenticationModule|Password_Checking_Module:DUT_Password_Checking_Module|UserEnteredPswd~7               ; 0                 ; 0       ;
;      - Authentication:AuthenticationModule|Password_Checking_Module:DUT_Password_Checking_Module|UserEnteredPswd~10              ; 0                 ; 0       ;
;      - Authentication:AuthenticationModule|Password_Checking_Module:DUT_Password_Checking_Module|UserEnteredPswd~12              ; 0                 ; 0       ;
;      - Authentication:AuthenticationModule|Password_Checking_Module:DUT_Password_Checking_Module|UserEnteredPswd~19              ; 0                 ; 0       ;
;      - Authentication:AuthenticationModule|Password_Checking_Module:DUT_Password_Checking_Module|UserEnteredPswd~26              ; 0                 ; 0       ;
;      - Authentication:AuthenticationModule|Password_Checking_Module:DUT_Password_Checking_Module|UserEnteredPswd~29              ; 0                 ; 0       ;
;      - Authentication:AuthenticationModule|ID_Checking_Module:DUT_ID_Checking_Module|UserEnteredID~4                             ; 0                 ; 0       ;
;      - Authentication:AuthenticationModule|ID_Checking_Module:DUT_ID_Checking_Module|UserEnteredID~7                             ; 0                 ; 0       ;
;      - Authentication:AuthenticationModule|ID_Checking_Module:DUT_ID_Checking_Module|UserEnteredID~9                             ; 0                 ; 0       ;
;      - Authentication:AuthenticationModule|ID_Checking_Module:DUT_ID_Checking_Module|UserEnteredID~16                            ; 0                 ; 0       ;
+----------------------------------------------------------------------------------------------------------------------------------+-------------------+---------+


+-------------------------------------------------------------------------------------------------------------------------------------------------------------------------------------------------------------------------------------------------------------+
; Control Signals                                                                                                                                                                                                                                             ;
+------------------------------------------------------------------------------------------------------------------+---------------------+---------+---------------------------+--------+----------------------+------------------+---------------------------+
; Name                                                                                                             ; Location            ; Fan-Out ; Usage                     ; Global ; Global Resource Used ; Global Line Name ; Enable Signal Source Name ;
+------------------------------------------------------------------------------------------------------------------+---------------------+---------+---------------------------+--------+----------------------+------------------+---------------------------+
; Authentication:AuthenticationModule|ID_Checking_Module:DUT_ID_Checking_Module|MatchedID~1                        ; LABCELL_X26_Y3_N57  ; 2       ; Clock enable              ; no     ; --                   ; --               ; --                        ;
; Authentication:AuthenticationModule|ID_Checking_Module:DUT_ID_Checking_Module|UserEnteredID[0]~14                ; LABCELL_X24_Y3_N45  ; 4       ; Clock enable              ; no     ; --                   ; --               ; --                        ;
; Authentication:AuthenticationModule|ID_Checking_Module:DUT_ID_Checking_Module|UserEnteredID[11]~6                ; LABCELL_X24_Y3_N6   ; 4       ; Clock enable              ; no     ; --                   ; --               ; --                        ;
; Authentication:AuthenticationModule|ID_Checking_Module:DUT_ID_Checking_Module|UserEnteredID[15]~1                ; LABCELL_X24_Y3_N3   ; 4       ; Clock enable              ; no     ; --                   ; --               ; --                        ;
; Authentication:AuthenticationModule|ID_Checking_Module:DUT_ID_Checking_Module|UserEnteredID[7]~10                ; LABCELL_X25_Y3_N0   ; 4       ; Clock enable              ; no     ; --                   ; --               ; --                        ;
; Authentication:AuthenticationModule|Password_Checking_Module:DUT_Password_Checking_Module|State~21               ; MLABCELL_X28_Y3_N9  ; 8       ; Clock enable              ; no     ; --                   ; --               ; --                        ;
; Authentication:AuthenticationModule|Password_Checking_Module:DUT_Password_Checking_Module|UserEnteredPswd[12]~1  ; MLABCELL_X28_Y3_N0  ; 4       ; Clock enable              ; no     ; --                   ; --               ; --                        ;
; Authentication:AuthenticationModule|Password_Checking_Module:DUT_Password_Checking_Module|UserEnteredPswd[18]~3  ; MLABCELL_X28_Y3_N57 ; 4       ; Clock enable              ; no     ; --                   ; --               ; --                        ;
; Authentication:AuthenticationModule|Password_Checking_Module:DUT_Password_Checking_Module|UserEnteredPswd[23]~24 ; LABCELL_X29_Y3_N21  ; 4       ; Clock enable              ; no     ; --                   ; --               ; --                        ;
; Authentication:AuthenticationModule|Password_Checking_Module:DUT_Password_Checking_Module|UserEnteredPswd[2]~17  ; LABCELL_X29_Y4_N3   ; 4       ; Clock enable              ; no     ; --                   ; --               ; --                        ;
; Authentication:AuthenticationModule|Password_Checking_Module:DUT_Password_Checking_Module|UserEnteredPswd[4]~13  ; LABCELL_X29_Y4_N21  ; 4       ; Clock enable              ; no     ; --                   ; --               ; --                        ;
; Authentication:AuthenticationModule|Password_Checking_Module:DUT_Password_Checking_Module|UserEnteredPswd[9]~9   ; LABCELL_X25_Y3_N9   ; 4       ; Clock enable              ; no     ; --                   ; --               ; --                        ;
; DisplayController:DisplayModule|result_code[2]~1                                                                 ; LABCELL_X32_Y1_N51  ; 3       ; Clock enable              ; no     ; --                   ; --               ; --                        ;
; OneSecTimer:LFSR_OneSecondTimerModule|countTo10Timer:DUT_countTo10Timer|count[1]~1                               ; LABCELL_X35_Y1_N36  ; 4       ; Clock enable              ; no     ; --                   ; --               ; --                        ;
; OneSecTimer:LFSR_OneSecondTimerModule|hundredmsecTimer:DUT_hundredmsecTimer|count[3]~0                           ; MLABCELL_X34_Y3_N6  ; 7       ; Sync. clear               ; no     ; --                   ; --               ; --                        ;
; OneSecTimer:LFSR_OneSecondTimerModule|hundredmsecTimer:DUT_hundredmsecTimer|count[3]~1                           ; LABCELL_X35_Y3_N27  ; 7       ; Clock enable              ; no     ; --                   ; --               ; --                        ;
; OneSecTimer:LFSR_OneSecondTimerModule|msecTimer_LFSR:DUT_msecTimer_LFSR|LFSR[1]~0                                ; MLABCELL_X34_Y1_N24 ; 15      ; Sync. clear               ; no     ; --                   ; --               ; --                        ;
; OneSecTimer:LFSR_OneSecondTimerModule|msecTimer_LFSR:DUT_msecTimer_LFSR|LFSR[1]~1                                ; MLABCELL_X34_Y1_N6  ; 15      ; Clock enable              ; no     ; --                   ; --               ; --                        ;
; PrimeGameController:GameControllerModule|go_counter[0]~1                                                         ; LABCELL_X36_Y2_N6   ; 26      ; Sync. clear               ; no     ; --                   ; --               ; --                        ;
; PrimeGameController:GameControllerModule|go_counter[0]~2                                                         ; LABCELL_X36_Y2_N0   ; 26      ; Clock enable              ; no     ; --                   ; --               ; --                        ;
; PrimeTargetGenerator:TargetGeneratorModule|rom_address[1]~14                                                     ; LABCELL_X31_Y4_N33  ; 8       ; Clock enable              ; no     ; --                   ; --               ; --                        ;
; PrimeTargetGenerator:TargetGeneratorModule|target_prime[5]~1                                                     ; LABCELL_X31_Y2_N6   ; 7       ; Clock enable              ; no     ; --                   ; --               ; --                        ;
; ScoreTracking:ScoreTrackingModule|FinalScore_Reg[7]~0                                                            ; MLABCELL_X37_Y3_N27 ; 11      ; Clock enable              ; no     ; --                   ; --               ; --                        ;
; ScoreTracking:ScoreTrackingModule|Global_WinnerScore[7]~0                                                        ; LABCELL_X35_Y4_N51  ; 8       ; Clock enable              ; no     ; --                   ; --               ; --                        ;
; ScoreTracking:ScoreTrackingModule|PersonalBestScore[0]~0                                                         ; LABCELL_X36_Y4_N27  ; 8       ; Clock enable              ; no     ; --                   ; --               ; --                        ;
; ScoreTracking:ScoreTrackingModule|Score_RAMaddr[2]~1                                                             ; MLABCELL_X37_Y4_N51 ; 3       ; Clock enable              ; no     ; --                   ; --               ; --                        ;
; ScoreTracking:ScoreTrackingModule|Score_write_enb                                                                ; FF_X35_Y4_N32       ; 2       ; Read enable, Write enable ; no     ; --                   ; --               ; --                        ;
; Scoreboard:ScoreboardModule|scoreOnes[3]~1                                                                       ; LABCELL_X35_Y2_N54  ; 4       ; Clock enable              ; no     ; --                   ; --               ; --                        ;
; Scoreboard:ScoreboardModule|scoreTens[3]~1                                                                       ; LABCELL_X35_Y2_N0   ; 4       ; Clock enable              ; no     ; --                   ; --               ; --                        ;
; ThreeDigitTimer:TimerModule|Hundredsdigit[1]~1                                                                   ; LABCELL_X36_Y3_N27  ; 2       ; Clock enable              ; no     ; --                   ; --               ; --                        ;
; TwoDigitGuessInput:GuessInputModule|always0~0                                                                    ; LABCELL_X35_Y3_N21  ; 19      ; Sync. clear               ; no     ; --                   ; --               ; --                        ;
; TwoDigitGuessInput:GuessInputModule|ones[3]~0                                                                    ; MLABCELL_X37_Y2_N0  ; 15      ; Clock enable              ; no     ; --                   ; --               ; --                        ;
; TwoDigitGuessInput:GuessInputModule|temp_tens[3]~1                                                               ; LABCELL_X36_Y3_N36  ; 4       ; Clock enable              ; no     ; --                   ; --               ; --                        ;
; clk                                                                                                              ; PIN_M9              ; 367     ; Clock                     ; yes    ; Global Clock         ; GCLK4            ; --                        ;
; rst                                                                                                              ; PIN_U7              ; 327     ; Sync. clear, Sync. load   ; no     ; --                   ; --               ; --                        ;
+------------------------------------------------------------------------------------------------------------------+---------------------+---------+---------------------------+--------+----------------------+------------------+---------------------------+


+-------------------------------------------------------------------------------------------------+
; Global & Other Fast Signals                                                                     ;
+------+----------+---------+----------------------+------------------+---------------------------+
; Name ; Location ; Fan-Out ; Global Resource Used ; Global Line Name ; Enable Signal Source Name ;
+------+----------+---------+----------------------+------------------+---------------------------+
; clk  ; PIN_M9   ; 367     ; Global Clock         ; GCLK4            ; --                        ;
+------+----------+---------+----------------------+------------------+---------------------------+


+---------------------------------------------------------------------------------------------------------------------------------------------------------------------------------------------------------------------------------------------------------------------------------------------------------------------------------------------------------------------------------------------------------------------------------------------------------------------------------------------------------------------------------------------------------------------------------------------------------------------------------------------------------------------------------------------------------------------+
; Fitter RAM Summary                                                                                                                                                                                                                                                                                                                                                                                                                                                                                                                                                                                                                                                                                                  ;
+-----------------------------------------------------------------------------------------------------------------------------------------------------------------+------+-------------+--------------+--------------+--------------+--------------+--------------+------------------------+-------------------------+------------------------+-------------------------+------+-----------------------------+-----------------------------+-----------------------------+-----------------------------+---------------------+-------------+-------+----------------------+----------------+----------------------+-----------------+-----------------+----------+------------------------+---------------------------+
; Name                                                                                                                                                            ; Type ; Mode        ; Clock Mode   ; Port A Depth ; Port A Width ; Port B Depth ; Port B Width ; Port A Input Registers ; Port A Output Registers ; Port B Input Registers ; Port B Output Registers ; Size ; Implementation Port A Depth ; Implementation Port A Width ; Implementation Port B Depth ; Implementation Port B Width ; Implementation Bits ; M10K blocks ; MLABs ; MIF                  ; Location       ; Mixed Width RDW Mode ; Port A RDW Mode ; Port B RDW Mode ; ECC Mode ; ECC Pipeline Registers ; Fits in MLABs             ;
+-----------------------------------------------------------------------------------------------------------------------------------------------------------------+------+-------------+--------------+--------------+--------------+--------------+--------------+------------------------+-------------------------+------------------------+-------------------------+------+-----------------------------+-----------------------------+-----------------------------+-----------------------------+---------------------+-------------+-------+----------------------+----------------+----------------------+-----------------+-----------------+----------+------------------------+---------------------------+
; Authentication:AuthenticationModule|Password_ROM:DUT_Password_ROM|altsyncram:altsyncram_component|altsyncram_c3g1:auto_generated|ALTSYNCRAM                     ; AUTO ; ROM         ; Single Clock ; 32           ; 24           ; --           ; --           ; yes                    ; yes                     ; --                     ; --                      ; 768  ; 8                           ; 24                          ; --                          ; --                          ; 192                 ; 1           ; 0     ; Password_ROM.hex     ; M10K_X30_Y3_N0 ; Don't care           ; New data        ; New data        ; Off      ; No                     ; Yes                       ;
; Authentication:AuthenticationModule|PlayerID_ROM:DUT_PlayerID_ROM|altsyncram:altsyncram_component|altsyncram_k2g1:auto_generated|ALTSYNCRAM                     ; AUTO ; ROM         ; Single Clock ; 32           ; 16           ; --           ; --           ; yes                    ; yes                     ; --                     ; --                      ; 512  ; 8                           ; 16                          ; --                          ; --                          ; 128                 ; 1           ; 0     ; PlayerID_ROM.hex     ; M10K_X22_Y3_N0 ; Don't care           ; New data        ; New data        ; Off      ; No                     ; Yes                       ;
; PrimeTargetGenerator:TargetGeneratorModule|ROM_PrimerNumbers:ROM_PrimerNumbers_Module|altsyncram:altsyncram_component|altsyncram_reg1:auto_generated|ALTSYNCRAM ; AUTO ; ROM         ; Single Clock ; 32           ; 8            ; --           ; --           ; yes                    ; yes                     ; --                     ; --                      ; 256  ; 32                          ; 8                           ; --                          ; --                          ; 256                 ; 1           ; 0     ; ROM_PrimeNumbers.mif ; M10K_X30_Y2_N0 ; Don't care           ; New data        ; New data        ; Off      ; No                     ; Yes                       ;
; Score_RAM:ScoreRAMModule|altsyncram:altsyncram_component|altsyncram_1sm1:auto_generated|ALTSYNCRAM                                                              ; AUTO ; Single Port ; Single Clock ; 32           ; 8            ; --           ; --           ; yes                    ; yes                     ; --                     ; --                      ; 256  ; 32                          ; 8                           ; --                          ; --                          ; 256                 ; 1           ; 0     ; Score_RAM.mif        ; M10K_X38_Y4_N0 ; Don't care           ; Don't care      ; New data        ; Off      ; No                     ; No - Latch Type Behaviour ;
+-----------------------------------------------------------------------------------------------------------------------------------------------------------------+------+-------------+--------------+--------------+--------------+--------------+--------------+------------------------+-------------------------+------------------------+-------------------------+------+-----------------------------+-----------------------------+-----------------------------+-----------------------------+---------------------+-------------+-------+----------------------+----------------+----------------------+-----------------+-----------------+----------+------------------------+---------------------------+
Note: Fitter may spread logical memories into multiple blocks to improve timing. The actual required RAM blocks can be found in the Fitter Resource Usage section.


+--------------------------------------------------------+
; Routing Usage Summary                                  ;
+------------------------------+-------------------------+
; Routing Resource Type        ; Usage                   ;
+------------------------------+-------------------------+
; Block interconnects          ; 895 / 140,056 ( < 1 % ) ;
; C12 interconnects            ; 6 / 6,048 ( < 1 % )     ;
; C2 interconnects             ; 192 / 54,648 ( < 1 % )  ;
; C4 interconnects             ; 118 / 25,920 ( < 1 % )  ;
; DQS bus muxes                ; 0 / 17 ( 0 % )          ;
; DQS-18 I/O buses             ; 0 / 17 ( 0 % )          ;
; DQS-9 I/O buses              ; 0 / 17 ( 0 % )          ;
; Direct links                 ; 102 / 140,056 ( < 1 % ) ;
; Global clocks                ; 1 / 16 ( 6 % )          ;
; Local interconnects          ; 311 / 36,960 ( < 1 % )  ;
; Quadrant clocks              ; 0 / 88 ( 0 % )          ;
; R14 interconnects            ; 47 / 5,984 ( < 1 % )    ;
; R14/C12 interconnect drivers ; 49 / 9,504 ( < 1 % )    ;
; R3 interconnects             ; 390 / 60,192 ( < 1 % )  ;
; R6 interconnects             ; 465 / 127,072 ( < 1 % ) ;
; Spine clocks                 ; 2 / 120 ( 2 % )         ;
; Wire stub REs                ; 0 / 7,344 ( 0 % )       ;
+------------------------------+-------------------------+


+------------------------------------------+
; I/O Rules Summary                        ;
+----------------------------------+-------+
; I/O Rules Statistic              ; Total ;
+----------------------------------+-------+
; Total I/O Rules                  ; 28    ;
; Number of I/O Rules Passed       ; 9     ;
; Number of I/O Rules Failed       ; 0     ;
; Number of I/O Rules Unchecked    ; 0     ;
; Number of I/O Rules Inapplicable ; 19    ;
+----------------------------------+-------+


+-----------------------------------------------------------------------------------------------------------------------------------------------------------------------------------------------------------------------------------------------------------------------------------+
; I/O Rules Details                                                                                                                                                                                                                                                                 ;
+--------------+-----------+-----------------------------------+------------------------------------------------------------------------------------+----------+--------------------------------------------------------------------------+---------------------+-------------------+
; Status       ; ID        ; Category                          ; Rule Description                                                                   ; Severity ; Information                                                              ; Area                ; Extra Information ;
+--------------+-----------+-----------------------------------+------------------------------------------------------------------------------------+----------+--------------------------------------------------------------------------+---------------------+-------------------+
; Pass         ; IO_000001 ; Capacity Checks                   ; Number of pins in an I/O bank should not exceed the number of locations available. ; Critical ; 0 such failures found.                                                   ; I/O                 ;                   ;
; Inapplicable ; IO_000002 ; Capacity Checks                   ; Number of clocks in an I/O bank should not exceed the number of clocks available.  ; Critical ; No Global Signal assignments found.                                      ; I/O                 ;                   ;
; Pass         ; IO_000003 ; Capacity Checks                   ; Number of pins in a Vrefgroup should not exceed the number of locations available. ; Critical ; 0 such failures found.                                                   ; I/O                 ;                   ;
; Inapplicable ; IO_000004 ; Voltage Compatibility Checks      ; The I/O bank should support the requested VCCIO.                                   ; Critical ; No IOBANK_VCCIO assignments found.                                       ; I/O                 ;                   ;
; Inapplicable ; IO_000005 ; Voltage Compatibility Checks      ; The I/O bank should not have competing VREF values.                                ; Critical ; No VREF I/O Standard assignments found.                                  ; I/O                 ;                   ;
; Pass         ; IO_000006 ; Voltage Compatibility Checks      ; The I/O bank should not have competing VCCIO values.                               ; Critical ; 0 such failures found.                                                   ; I/O                 ;                   ;
; Pass         ; IO_000007 ; Valid Location Checks             ; Checks for unavailable locations.                                                  ; Critical ; 0 such failures found.                                                   ; I/O                 ;                   ;
; Inapplicable ; IO_000008 ; Valid Location Checks             ; Checks for reserved locations.                                                     ; Critical ; No reserved LogicLock region found.                                      ; I/O                 ;                   ;
; Pass         ; IO_000009 ; I/O Properties Checks for One I/O ; The location should support the requested I/O standard.                            ; Critical ; 0 such failures found.                                                   ; I/O                 ;                   ;
; Pass         ; IO_000010 ; I/O Properties Checks for One I/O ; The location should support the requested I/O direction.                           ; Critical ; 0 such failures found.                                                   ; I/O                 ;                   ;
; Inapplicable ; IO_000011 ; I/O Properties Checks for One I/O ; The location should support the requested Current Strength.                        ; Critical ; No Current Strength assignments found.                                   ; I/O                 ;                   ;
; Pass         ; IO_000012 ; I/O Properties Checks for One I/O ; The location should support the requested On Chip Termination value.               ; Critical ; 0 such failures found.                                                   ; I/O                 ;                   ;
; Inapplicable ; IO_000013 ; I/O Properties Checks for One I/O ; The location should support the requested Bus Hold value.                          ; Critical ; No Enable Bus-Hold Circuitry assignments found.                          ; I/O                 ;                   ;
; Inapplicable ; IO_000014 ; I/O Properties Checks for One I/O ; The location should support the requested Weak Pull Up value.                      ; Critical ; No Weak Pull-Up Resistor assignments found.                              ; I/O                 ;                   ;
; Inapplicable ; IO_000015 ; I/O Properties Checks for One I/O ; The location should support the requested PCI Clamp Diode.                         ; Critical ; No Clamping Diode assignments found.                                     ; I/O                 ;                   ;
; Inapplicable ; IO_000018 ; I/O Properties Checks for One I/O ; The I/O standard should support the requested Current Strength.                    ; Critical ; No Current Strength assignments found.                                   ; I/O                 ;                   ;
; Pass         ; IO_000019 ; I/O Properties Checks for One I/O ; The I/O standard should support the requested On Chip Termination value.           ; Critical ; 0 such failures found.                                                   ; I/O                 ;                   ;
; Inapplicable ; IO_000020 ; I/O Properties Checks for One I/O ; The I/O standard should support the requested PCI Clamp Diode.                     ; Critical ; No Clamping Diode assignments found.                                     ; I/O                 ;                   ;
; Inapplicable ; IO_000021 ; I/O Properties Checks for One I/O ; The I/O standard should support the requested Weak Pull Up value.                  ; Critical ; No Weak Pull-Up Resistor assignments found.                              ; I/O                 ;                   ;
; Inapplicable ; IO_000022 ; I/O Properties Checks for One I/O ; The I/O standard should support the requested Bus Hold value.                      ; Critical ; No Enable Bus-Hold Circuitry assignments found.                          ; I/O                 ;                   ;
; Inapplicable ; IO_000023 ; I/O Properties Checks for One I/O ; The I/O standard should support the Open Drain value.                              ; Critical ; No open drain assignments found.                                         ; I/O                 ;                   ;
; Pass         ; IO_000024 ; I/O Properties Checks for One I/O ; The I/O direction should support the On Chip Termination value.                    ; Critical ; 0 such failures found.                                                   ; I/O                 ;                   ;
; Inapplicable ; IO_000026 ; I/O Properties Checks for One I/O ; On Chip Termination and Current Strength should not be used at the same time.      ; Critical ; No Current Strength assignments found.                                   ; I/O                 ;                   ;
; Inapplicable ; IO_000027 ; I/O Properties Checks for One I/O ; Weak Pull Up and Bus Hold should not be used at the same time.                     ; Critical ; No Enable Bus-Hold Circuitry or Weak Pull-Up Resistor assignments found. ; I/O                 ;                   ;
; Inapplicable ; IO_000045 ; I/O Properties Checks for One I/O ; The I/O standard should support the requested Slew Rate value.                     ; Critical ; No Slew Rate assignments found.                                          ; I/O                 ;                   ;
; Inapplicable ; IO_000046 ; I/O Properties Checks for One I/O ; The location should support the requested Slew Rate value.                         ; Critical ; No Slew Rate assignments found.                                          ; I/O                 ;                   ;
; Inapplicable ; IO_000047 ; I/O Properties Checks for One I/O ; On Chip Termination and Slew Rate should not be used at the same time.             ; Critical ; No Slew Rate assignments found.                                          ; I/O                 ;                   ;
; Inapplicable ; IO_000034 ; SI Related Distance Checks        ; Single-ended outputs should be 0 LAB row(s) away from a differential I/O.          ; High     ; No Differential I/O Standard assignments found.                          ; I/O                 ;                   ;
; ----         ; ----      ; Disclaimer                        ; OCT rules are checked but not reported.                                            ; None     ; ----                                                                     ; On Chip Termination ;                   ;
+--------------+-----------+-----------------------------------+------------------------------------------------------------------------------------+----------+--------------------------------------------------------------------------+---------------------+-------------------+


+----------------------------------------------------------------------------------------------------------------------------------------------------------------------------------------------------------------------------------------------------------------------------------------------------------------------------------------------------------------------------------------------------------------------------------------------------+
; I/O Rules Matrix                                                                                                                                                                                                                                                                                                                                                                                                                                   ;
+-------------------------+--------------+--------------+--------------+--------------+--------------+-----------+--------------+--------------+-----------+-----------+--------------+--------------+--------------+--------------+--------------+--------------+--------------+--------------+--------------+--------------+--------------+--------------+--------------+--------------+--------------+--------------+--------------+--------------+
; Pin/Rules               ; IO_000001    ; IO_000002    ; IO_000003    ; IO_000004    ; IO_000005    ; IO_000006 ; IO_000007    ; IO_000008    ; IO_000009 ; IO_000010 ; IO_000011    ; IO_000012    ; IO_000013    ; IO_000014    ; IO_000015    ; IO_000018    ; IO_000019    ; IO_000020    ; IO_000021    ; IO_000022    ; IO_000023    ; IO_000024    ; IO_000026    ; IO_000027    ; IO_000045    ; IO_000046    ; IO_000047    ; IO_000034    ;
+-------------------------+--------------+--------------+--------------+--------------+--------------+-----------+--------------+--------------+-----------+-----------+--------------+--------------+--------------+--------------+--------------+--------------+--------------+--------------+--------------+--------------+--------------+--------------+--------------+--------------+--------------+--------------+--------------+--------------+
; Total Pass              ; 65           ; 0            ; 65           ; 0            ; 0            ; 67        ; 65           ; 0            ; 67        ; 67        ; 0            ; 54           ; 0            ; 0            ; 0            ; 0            ; 54           ; 0            ; 0            ; 0            ; 0            ; 54           ; 0            ; 0            ; 0            ; 0            ; 0            ; 0            ;
; Total Unchecked         ; 0            ; 0            ; 0            ; 0            ; 0            ; 0         ; 0            ; 0            ; 0         ; 0         ; 0            ; 0            ; 0            ; 0            ; 0            ; 0            ; 0            ; 0            ; 0            ; 0            ; 0            ; 0            ; 0            ; 0            ; 0            ; 0            ; 0            ; 0            ;
; Total Inapplicable      ; 2            ; 67           ; 2            ; 67           ; 67           ; 0         ; 2            ; 67           ; 0         ; 0         ; 67           ; 13           ; 67           ; 67           ; 67           ; 67           ; 13           ; 67           ; 67           ; 67           ; 67           ; 13           ; 67           ; 67           ; 67           ; 67           ; 67           ; 67           ;
; Total Fail              ; 0            ; 0            ; 0            ; 0            ; 0            ; 0         ; 0            ; 0            ; 0         ; 0         ; 0            ; 0            ; 0            ; 0            ; 0            ; 0            ; 0            ; 0            ; 0            ; 0            ; 0            ; 0            ; 0            ; 0            ; 0            ; 0            ; 0            ; 0            ;
; TimerTens_Display[0]    ; Pass         ; Inapplicable ; Pass         ; Inapplicable ; Inapplicable ; Pass      ; Pass         ; Inapplicable ; Pass      ; Pass      ; Inapplicable ; Pass         ; Inapplicable ; Inapplicable ; Inapplicable ; Inapplicable ; Pass         ; Inapplicable ; Inapplicable ; Inapplicable ; Inapplicable ; Pass         ; Inapplicable ; Inapplicable ; Inapplicable ; Inapplicable ; Inapplicable ; Inapplicable ;
; TimerTens_Display[1]    ; Pass         ; Inapplicable ; Pass         ; Inapplicable ; Inapplicable ; Pass      ; Pass         ; Inapplicable ; Pass      ; Pass      ; Inapplicable ; Pass         ; Inapplicable ; Inapplicable ; Inapplicable ; Inapplicable ; Pass         ; Inapplicable ; Inapplicable ; Inapplicable ; Inapplicable ; Pass         ; Inapplicable ; Inapplicable ; Inapplicable ; Inapplicable ; Inapplicable ; Inapplicable ;
; TimerTens_Display[2]    ; Pass         ; Inapplicable ; Pass         ; Inapplicable ; Inapplicable ; Pass      ; Pass         ; Inapplicable ; Pass      ; Pass      ; Inapplicable ; Pass         ; Inapplicable ; Inapplicable ; Inapplicable ; Inapplicable ; Pass         ; Inapplicable ; Inapplicable ; Inapplicable ; Inapplicable ; Pass         ; Inapplicable ; Inapplicable ; Inapplicable ; Inapplicable ; Inapplicable ; Inapplicable ;
; TimerTens_Display[3]    ; Pass         ; Inapplicable ; Pass         ; Inapplicable ; Inapplicable ; Pass      ; Pass         ; Inapplicable ; Pass      ; Pass      ; Inapplicable ; Pass         ; Inapplicable ; Inapplicable ; Inapplicable ; Inapplicable ; Pass         ; Inapplicable ; Inapplicable ; Inapplicable ; Inapplicable ; Pass         ; Inapplicable ; Inapplicable ; Inapplicable ; Inapplicable ; Inapplicable ; Inapplicable ;
; TimerTens_Display[4]    ; Pass         ; Inapplicable ; Pass         ; Inapplicable ; Inapplicable ; Pass      ; Pass         ; Inapplicable ; Pass      ; Pass      ; Inapplicable ; Pass         ; Inapplicable ; Inapplicable ; Inapplicable ; Inapplicable ; Pass         ; Inapplicable ; Inapplicable ; Inapplicable ; Inapplicable ; Pass         ; Inapplicable ; Inapplicable ; Inapplicable ; Inapplicable ; Inapplicable ; Inapplicable ;
; TimerTens_Display[5]    ; Pass         ; Inapplicable ; Pass         ; Inapplicable ; Inapplicable ; Pass      ; Pass         ; Inapplicable ; Pass      ; Pass      ; Inapplicable ; Pass         ; Inapplicable ; Inapplicable ; Inapplicable ; Inapplicable ; Pass         ; Inapplicable ; Inapplicable ; Inapplicable ; Inapplicable ; Pass         ; Inapplicable ; Inapplicable ; Inapplicable ; Inapplicable ; Inapplicable ; Inapplicable ;
; TimerTens_Display[6]    ; Pass         ; Inapplicable ; Pass         ; Inapplicable ; Inapplicable ; Pass      ; Pass         ; Inapplicable ; Pass      ; Pass      ; Inapplicable ; Pass         ; Inapplicable ; Inapplicable ; Inapplicable ; Inapplicable ; Pass         ; Inapplicable ; Inapplicable ; Inapplicable ; Inapplicable ; Pass         ; Inapplicable ; Inapplicable ; Inapplicable ; Inapplicable ; Inapplicable ; Inapplicable ;
; TimerOnes_Display[0]    ; Pass         ; Inapplicable ; Pass         ; Inapplicable ; Inapplicable ; Pass      ; Pass         ; Inapplicable ; Pass      ; Pass      ; Inapplicable ; Pass         ; Inapplicable ; Inapplicable ; Inapplicable ; Inapplicable ; Pass         ; Inapplicable ; Inapplicable ; Inapplicable ; Inapplicable ; Pass         ; Inapplicable ; Inapplicable ; Inapplicable ; Inapplicable ; Inapplicable ; Inapplicable ;
; TimerOnes_Display[1]    ; Pass         ; Inapplicable ; Pass         ; Inapplicable ; Inapplicable ; Pass      ; Pass         ; Inapplicable ; Pass      ; Pass      ; Inapplicable ; Pass         ; Inapplicable ; Inapplicable ; Inapplicable ; Inapplicable ; Pass         ; Inapplicable ; Inapplicable ; Inapplicable ; Inapplicable ; Pass         ; Inapplicable ; Inapplicable ; Inapplicable ; Inapplicable ; Inapplicable ; Inapplicable ;
; TimerOnes_Display[2]    ; Pass         ; Inapplicable ; Pass         ; Inapplicable ; Inapplicable ; Pass      ; Pass         ; Inapplicable ; Pass      ; Pass      ; Inapplicable ; Pass         ; Inapplicable ; Inapplicable ; Inapplicable ; Inapplicable ; Pass         ; Inapplicable ; Inapplicable ; Inapplicable ; Inapplicable ; Pass         ; Inapplicable ; Inapplicable ; Inapplicable ; Inapplicable ; Inapplicable ; Inapplicable ;
; TimerOnes_Display[3]    ; Pass         ; Inapplicable ; Pass         ; Inapplicable ; Inapplicable ; Pass      ; Pass         ; Inapplicable ; Pass      ; Pass      ; Inapplicable ; Pass         ; Inapplicable ; Inapplicable ; Inapplicable ; Inapplicable ; Pass         ; Inapplicable ; Inapplicable ; Inapplicable ; Inapplicable ; Pass         ; Inapplicable ; Inapplicable ; Inapplicable ; Inapplicable ; Inapplicable ; Inapplicable ;
; TimerOnes_Display[4]    ; Pass         ; Inapplicable ; Pass         ; Inapplicable ; Inapplicable ; Pass      ; Pass         ; Inapplicable ; Pass      ; Pass      ; Inapplicable ; Pass         ; Inapplicable ; Inapplicable ; Inapplicable ; Inapplicable ; Pass         ; Inapplicable ; Inapplicable ; Inapplicable ; Inapplicable ; Pass         ; Inapplicable ; Inapplicable ; Inapplicable ; Inapplicable ; Inapplicable ; Inapplicable ;
; TimerOnes_Display[5]    ; Pass         ; Inapplicable ; Pass         ; Inapplicable ; Inapplicable ; Pass      ; Pass         ; Inapplicable ; Pass      ; Pass      ; Inapplicable ; Pass         ; Inapplicable ; Inapplicable ; Inapplicable ; Inapplicable ; Pass         ; Inapplicable ; Inapplicable ; Inapplicable ; Inapplicable ; Pass         ; Inapplicable ; Inapplicable ; Inapplicable ; Inapplicable ; Inapplicable ; Inapplicable ;
; TimerOnes_Display[6]    ; Pass         ; Inapplicable ; Pass         ; Inapplicable ; Inapplicable ; Pass      ; Pass         ; Inapplicable ; Pass      ; Pass      ; Inapplicable ; Pass         ; Inapplicable ; Inapplicable ; Inapplicable ; Inapplicable ; Pass         ; Inapplicable ; Inapplicable ; Inapplicable ; Inapplicable ; Pass         ; Inapplicable ; Inapplicable ; Inapplicable ; Inapplicable ; Inapplicable ; Inapplicable ;
; ScoreTens_Display[0]    ; Pass         ; Inapplicable ; Pass         ; Inapplicable ; Inapplicable ; Pass      ; Pass         ; Inapplicable ; Pass      ; Pass      ; Inapplicable ; Pass         ; Inapplicable ; Inapplicable ; Inapplicable ; Inapplicable ; Pass         ; Inapplicable ; Inapplicable ; Inapplicable ; Inapplicable ; Pass         ; Inapplicable ; Inapplicable ; Inapplicable ; Inapplicable ; Inapplicable ; Inapplicable ;
; ScoreTens_Display[1]    ; Pass         ; Inapplicable ; Pass         ; Inapplicable ; Inapplicable ; Pass      ; Pass         ; Inapplicable ; Pass      ; Pass      ; Inapplicable ; Pass         ; Inapplicable ; Inapplicable ; Inapplicable ; Inapplicable ; Pass         ; Inapplicable ; Inapplicable ; Inapplicable ; Inapplicable ; Pass         ; Inapplicable ; Inapplicable ; Inapplicable ; Inapplicable ; Inapplicable ; Inapplicable ;
; ScoreTens_Display[2]    ; Pass         ; Inapplicable ; Pass         ; Inapplicable ; Inapplicable ; Pass      ; Pass         ; Inapplicable ; Pass      ; Pass      ; Inapplicable ; Pass         ; Inapplicable ; Inapplicable ; Inapplicable ; Inapplicable ; Pass         ; Inapplicable ; Inapplicable ; Inapplicable ; Inapplicable ; Pass         ; Inapplicable ; Inapplicable ; Inapplicable ; Inapplicable ; Inapplicable ; Inapplicable ;
; ScoreTens_Display[3]    ; Pass         ; Inapplicable ; Pass         ; Inapplicable ; Inapplicable ; Pass      ; Pass         ; Inapplicable ; Pass      ; Pass      ; Inapplicable ; Pass         ; Inapplicable ; Inapplicable ; Inapplicable ; Inapplicable ; Pass         ; Inapplicable ; Inapplicable ; Inapplicable ; Inapplicable ; Pass         ; Inapplicable ; Inapplicable ; Inapplicable ; Inapplicable ; Inapplicable ; Inapplicable ;
; ScoreTens_Display[4]    ; Pass         ; Inapplicable ; Pass         ; Inapplicable ; Inapplicable ; Pass      ; Pass         ; Inapplicable ; Pass      ; Pass      ; Inapplicable ; Pass         ; Inapplicable ; Inapplicable ; Inapplicable ; Inapplicable ; Pass         ; Inapplicable ; Inapplicable ; Inapplicable ; Inapplicable ; Pass         ; Inapplicable ; Inapplicable ; Inapplicable ; Inapplicable ; Inapplicable ; Inapplicable ;
; ScoreTens_Display[5]    ; Pass         ; Inapplicable ; Pass         ; Inapplicable ; Inapplicable ; Pass      ; Pass         ; Inapplicable ; Pass      ; Pass      ; Inapplicable ; Pass         ; Inapplicable ; Inapplicable ; Inapplicable ; Inapplicable ; Pass         ; Inapplicable ; Inapplicable ; Inapplicable ; Inapplicable ; Pass         ; Inapplicable ; Inapplicable ; Inapplicable ; Inapplicable ; Inapplicable ; Inapplicable ;
; ScoreTens_Display[6]    ; Pass         ; Inapplicable ; Pass         ; Inapplicable ; Inapplicable ; Pass      ; Pass         ; Inapplicable ; Pass      ; Pass      ; Inapplicable ; Pass         ; Inapplicable ; Inapplicable ; Inapplicable ; Inapplicable ; Pass         ; Inapplicable ; Inapplicable ; Inapplicable ; Inapplicable ; Pass         ; Inapplicable ; Inapplicable ; Inapplicable ; Inapplicable ; Inapplicable ; Inapplicable ;
; ScoreOnes_Display[0]    ; Pass         ; Inapplicable ; Pass         ; Inapplicable ; Inapplicable ; Pass      ; Pass         ; Inapplicable ; Pass      ; Pass      ; Inapplicable ; Pass         ; Inapplicable ; Inapplicable ; Inapplicable ; Inapplicable ; Pass         ; Inapplicable ; Inapplicable ; Inapplicable ; Inapplicable ; Pass         ; Inapplicable ; Inapplicable ; Inapplicable ; Inapplicable ; Inapplicable ; Inapplicable ;
; ScoreOnes_Display[1]    ; Pass         ; Inapplicable ; Pass         ; Inapplicable ; Inapplicable ; Pass      ; Pass         ; Inapplicable ; Pass      ; Pass      ; Inapplicable ; Pass         ; Inapplicable ; Inapplicable ; Inapplicable ; Inapplicable ; Pass         ; Inapplicable ; Inapplicable ; Inapplicable ; Inapplicable ; Pass         ; Inapplicable ; Inapplicable ; Inapplicable ; Inapplicable ; Inapplicable ; Inapplicable ;
; ScoreOnes_Display[2]    ; Pass         ; Inapplicable ; Pass         ; Inapplicable ; Inapplicable ; Pass      ; Pass         ; Inapplicable ; Pass      ; Pass      ; Inapplicable ; Pass         ; Inapplicable ; Inapplicable ; Inapplicable ; Inapplicable ; Pass         ; Inapplicable ; Inapplicable ; Inapplicable ; Inapplicable ; Pass         ; Inapplicable ; Inapplicable ; Inapplicable ; Inapplicable ; Inapplicable ; Inapplicable ;
; ScoreOnes_Display[3]    ; Pass         ; Inapplicable ; Pass         ; Inapplicable ; Inapplicable ; Pass      ; Pass         ; Inapplicable ; Pass      ; Pass      ; Inapplicable ; Pass         ; Inapplicable ; Inapplicable ; Inapplicable ; Inapplicable ; Pass         ; Inapplicable ; Inapplicable ; Inapplicable ; Inapplicable ; Pass         ; Inapplicable ; Inapplicable ; Inapplicable ; Inapplicable ; Inapplicable ; Inapplicable ;
; ScoreOnes_Display[4]    ; Pass         ; Inapplicable ; Pass         ; Inapplicable ; Inapplicable ; Pass      ; Pass         ; Inapplicable ; Pass      ; Pass      ; Inapplicable ; Pass         ; Inapplicable ; Inapplicable ; Inapplicable ; Inapplicable ; Pass         ; Inapplicable ; Inapplicable ; Inapplicable ; Inapplicable ; Pass         ; Inapplicable ; Inapplicable ; Inapplicable ; Inapplicable ; Inapplicable ; Inapplicable ;
; ScoreOnes_Display[5]    ; Pass         ; Inapplicable ; Pass         ; Inapplicable ; Inapplicable ; Pass      ; Pass         ; Inapplicable ; Pass      ; Pass      ; Inapplicable ; Pass         ; Inapplicable ; Inapplicable ; Inapplicable ; Inapplicable ; Pass         ; Inapplicable ; Inapplicable ; Inapplicable ; Inapplicable ; Pass         ; Inapplicable ; Inapplicable ; Inapplicable ; Inapplicable ; Inapplicable ; Inapplicable ;
; ScoreOnes_Display[6]    ; Pass         ; Inapplicable ; Pass         ; Inapplicable ; Inapplicable ; Pass      ; Pass         ; Inapplicable ; Pass      ; Pass      ; Inapplicable ; Pass         ; Inapplicable ; Inapplicable ; Inapplicable ; Inapplicable ; Pass         ; Inapplicable ; Inapplicable ; Inapplicable ; Inapplicable ; Pass         ; Inapplicable ; Inapplicable ; Inapplicable ; Inapplicable ; Inapplicable ; Inapplicable ;
; GameLeft_Display[0]     ; Pass         ; Inapplicable ; Pass         ; Inapplicable ; Inapplicable ; Pass      ; Pass         ; Inapplicable ; Pass      ; Pass      ; Inapplicable ; Pass         ; Inapplicable ; Inapplicable ; Inapplicable ; Inapplicable ; Pass         ; Inapplicable ; Inapplicable ; Inapplicable ; Inapplicable ; Pass         ; Inapplicable ; Inapplicable ; Inapplicable ; Inapplicable ; Inapplicable ; Inapplicable ;
; GameLeft_Display[1]     ; Pass         ; Inapplicable ; Pass         ; Inapplicable ; Inapplicable ; Pass      ; Pass         ; Inapplicable ; Pass      ; Pass      ; Inapplicable ; Pass         ; Inapplicable ; Inapplicable ; Inapplicable ; Inapplicable ; Pass         ; Inapplicable ; Inapplicable ; Inapplicable ; Inapplicable ; Pass         ; Inapplicable ; Inapplicable ; Inapplicable ; Inapplicable ; Inapplicable ; Inapplicable ;
; GameLeft_Display[2]     ; Pass         ; Inapplicable ; Pass         ; Inapplicable ; Inapplicable ; Pass      ; Pass         ; Inapplicable ; Pass      ; Pass      ; Inapplicable ; Pass         ; Inapplicable ; Inapplicable ; Inapplicable ; Inapplicable ; Pass         ; Inapplicable ; Inapplicable ; Inapplicable ; Inapplicable ; Pass         ; Inapplicable ; Inapplicable ; Inapplicable ; Inapplicable ; Inapplicable ; Inapplicable ;
; GameLeft_Display[3]     ; Pass         ; Inapplicable ; Pass         ; Inapplicable ; Inapplicable ; Pass      ; Pass         ; Inapplicable ; Pass      ; Pass      ; Inapplicable ; Pass         ; Inapplicable ; Inapplicable ; Inapplicable ; Inapplicable ; Pass         ; Inapplicable ; Inapplicable ; Inapplicable ; Inapplicable ; Pass         ; Inapplicable ; Inapplicable ; Inapplicable ; Inapplicable ; Inapplicable ; Inapplicable ;
; GameLeft_Display[4]     ; Pass         ; Inapplicable ; Pass         ; Inapplicable ; Inapplicable ; Pass      ; Pass         ; Inapplicable ; Pass      ; Pass      ; Inapplicable ; Pass         ; Inapplicable ; Inapplicable ; Inapplicable ; Inapplicable ; Pass         ; Inapplicable ; Inapplicable ; Inapplicable ; Inapplicable ; Pass         ; Inapplicable ; Inapplicable ; Inapplicable ; Inapplicable ; Inapplicable ; Inapplicable ;
; GameLeft_Display[5]     ; Pass         ; Inapplicable ; Pass         ; Inapplicable ; Inapplicable ; Pass      ; Pass         ; Inapplicable ; Pass      ; Pass      ; Inapplicable ; Pass         ; Inapplicable ; Inapplicable ; Inapplicable ; Inapplicable ; Pass         ; Inapplicable ; Inapplicable ; Inapplicable ; Inapplicable ; Pass         ; Inapplicable ; Inapplicable ; Inapplicable ; Inapplicable ; Inapplicable ; Inapplicable ;
; GameLeft_Display[6]     ; Pass         ; Inapplicable ; Pass         ; Inapplicable ; Inapplicable ; Pass      ; Pass         ; Inapplicable ; Pass      ; Pass      ; Inapplicable ; Pass         ; Inapplicable ; Inapplicable ; Inapplicable ; Inapplicable ; Pass         ; Inapplicable ; Inapplicable ; Inapplicable ; Inapplicable ; Pass         ; Inapplicable ; Inapplicable ; Inapplicable ; Inapplicable ; Inapplicable ; Inapplicable ;
; GameRight_Display[0]    ; Pass         ; Inapplicable ; Pass         ; Inapplicable ; Inapplicable ; Pass      ; Pass         ; Inapplicable ; Pass      ; Pass      ; Inapplicable ; Pass         ; Inapplicable ; Inapplicable ; Inapplicable ; Inapplicable ; Pass         ; Inapplicable ; Inapplicable ; Inapplicable ; Inapplicable ; Pass         ; Inapplicable ; Inapplicable ; Inapplicable ; Inapplicable ; Inapplicable ; Inapplicable ;
; GameRight_Display[1]    ; Pass         ; Inapplicable ; Pass         ; Inapplicable ; Inapplicable ; Pass      ; Pass         ; Inapplicable ; Pass      ; Pass      ; Inapplicable ; Pass         ; Inapplicable ; Inapplicable ; Inapplicable ; Inapplicable ; Pass         ; Inapplicable ; Inapplicable ; Inapplicable ; Inapplicable ; Pass         ; Inapplicable ; Inapplicable ; Inapplicable ; Inapplicable ; Inapplicable ; Inapplicable ;
; GameRight_Display[2]    ; Pass         ; Inapplicable ; Pass         ; Inapplicable ; Inapplicable ; Pass      ; Pass         ; Inapplicable ; Pass      ; Pass      ; Inapplicable ; Pass         ; Inapplicable ; Inapplicable ; Inapplicable ; Inapplicable ; Pass         ; Inapplicable ; Inapplicable ; Inapplicable ; Inapplicable ; Pass         ; Inapplicable ; Inapplicable ; Inapplicable ; Inapplicable ; Inapplicable ; Inapplicable ;
; GameRight_Display[3]    ; Pass         ; Inapplicable ; Pass         ; Inapplicable ; Inapplicable ; Pass      ; Pass         ; Inapplicable ; Pass      ; Pass      ; Inapplicable ; Pass         ; Inapplicable ; Inapplicable ; Inapplicable ; Inapplicable ; Pass         ; Inapplicable ; Inapplicable ; Inapplicable ; Inapplicable ; Pass         ; Inapplicable ; Inapplicable ; Inapplicable ; Inapplicable ; Inapplicable ; Inapplicable ;
; GameRight_Display[4]    ; Pass         ; Inapplicable ; Pass         ; Inapplicable ; Inapplicable ; Pass      ; Pass         ; Inapplicable ; Pass      ; Pass      ; Inapplicable ; Pass         ; Inapplicable ; Inapplicable ; Inapplicable ; Inapplicable ; Pass         ; Inapplicable ; Inapplicable ; Inapplicable ; Inapplicable ; Pass         ; Inapplicable ; Inapplicable ; Inapplicable ; Inapplicable ; Inapplicable ; Inapplicable ;
; GameRight_Display[5]    ; Pass         ; Inapplicable ; Pass         ; Inapplicable ; Inapplicable ; Pass      ; Pass         ; Inapplicable ; Pass      ; Pass      ; Inapplicable ; Pass         ; Inapplicable ; Inapplicable ; Inapplicable ; Inapplicable ; Pass         ; Inapplicable ; Inapplicable ; Inapplicable ; Inapplicable ; Pass         ; Inapplicable ; Inapplicable ; Inapplicable ; Inapplicable ; Inapplicable ; Inapplicable ;
; GameRight_Display[6]    ; Pass         ; Inapplicable ; Pass         ; Inapplicable ; Inapplicable ; Pass      ; Pass         ; Inapplicable ; Pass      ; Pass      ; Inapplicable ; Pass         ; Inapplicable ; Inapplicable ; Inapplicable ; Inapplicable ; Pass         ; Inapplicable ; Inapplicable ; Inapplicable ; Inapplicable ; Pass         ; Inapplicable ; Inapplicable ; Inapplicable ; Inapplicable ; Inapplicable ; Inapplicable ;
; Logged_In_LED           ; Inapplicable ; Inapplicable ; Inapplicable ; Inapplicable ; Inapplicable ; Pass      ; Inapplicable ; Inapplicable ; Pass      ; Pass      ; Inapplicable ; Pass         ; Inapplicable ; Inapplicable ; Inapplicable ; Inapplicable ; Pass         ; Inapplicable ; Inapplicable ; Inapplicable ; Inapplicable ; Pass         ; Inapplicable ; Inapplicable ; Inapplicable ; Inapplicable ; Inapplicable ; Inapplicable ;
; Logged_Out_LED          ; Inapplicable ; Inapplicable ; Inapplicable ; Inapplicable ; Inapplicable ; Pass      ; Inapplicable ; Inapplicable ; Pass      ; Pass      ; Inapplicable ; Pass         ; Inapplicable ; Inapplicable ; Inapplicable ; Inapplicable ; Pass         ; Inapplicable ; Inapplicable ; Inapplicable ; Inapplicable ; Pass         ; Inapplicable ; Inapplicable ; Inapplicable ; Inapplicable ; Inapplicable ; Inapplicable ;
; LEDs[0]                 ; Pass         ; Inapplicable ; Pass         ; Inapplicable ; Inapplicable ; Pass      ; Pass         ; Inapplicable ; Pass      ; Pass      ; Inapplicable ; Pass         ; Inapplicable ; Inapplicable ; Inapplicable ; Inapplicable ; Pass         ; Inapplicable ; Inapplicable ; Inapplicable ; Inapplicable ; Pass         ; Inapplicable ; Inapplicable ; Inapplicable ; Inapplicable ; Inapplicable ; Inapplicable ;
; LEDs[1]                 ; Pass         ; Inapplicable ; Pass         ; Inapplicable ; Inapplicable ; Pass      ; Pass         ; Inapplicable ; Pass      ; Pass      ; Inapplicable ; Pass         ; Inapplicable ; Inapplicable ; Inapplicable ; Inapplicable ; Pass         ; Inapplicable ; Inapplicable ; Inapplicable ; Inapplicable ; Pass         ; Inapplicable ; Inapplicable ; Inapplicable ; Inapplicable ; Inapplicable ; Inapplicable ;
; LEDs[2]                 ; Pass         ; Inapplicable ; Pass         ; Inapplicable ; Inapplicable ; Pass      ; Pass         ; Inapplicable ; Pass      ; Pass      ; Inapplicable ; Pass         ; Inapplicable ; Inapplicable ; Inapplicable ; Inapplicable ; Pass         ; Inapplicable ; Inapplicable ; Inapplicable ; Inapplicable ; Pass         ; Inapplicable ; Inapplicable ; Inapplicable ; Inapplicable ; Inapplicable ; Inapplicable ;
; LEDs[3]                 ; Pass         ; Inapplicable ; Pass         ; Inapplicable ; Inapplicable ; Pass      ; Pass         ; Inapplicable ; Pass      ; Pass      ; Inapplicable ; Pass         ; Inapplicable ; Inapplicable ; Inapplicable ; Inapplicable ; Pass         ; Inapplicable ; Inapplicable ; Inapplicable ; Inapplicable ; Pass         ; Inapplicable ; Inapplicable ; Inapplicable ; Inapplicable ; Inapplicable ; Inapplicable ;
; LEDs[4]                 ; Pass         ; Inapplicable ; Pass         ; Inapplicable ; Inapplicable ; Pass      ; Pass         ; Inapplicable ; Pass      ; Pass      ; Inapplicable ; Pass         ; Inapplicable ; Inapplicable ; Inapplicable ; Inapplicable ; Pass         ; Inapplicable ; Inapplicable ; Inapplicable ; Inapplicable ; Pass         ; Inapplicable ; Inapplicable ; Inapplicable ; Inapplicable ; Inapplicable ; Inapplicable ;
; LEDs[5]                 ; Pass         ; Inapplicable ; Pass         ; Inapplicable ; Inapplicable ; Pass      ; Pass         ; Inapplicable ; Pass      ; Pass      ; Inapplicable ; Pass         ; Inapplicable ; Inapplicable ; Inapplicable ; Inapplicable ; Pass         ; Inapplicable ; Inapplicable ; Inapplicable ; Inapplicable ; Pass         ; Inapplicable ; Inapplicable ; Inapplicable ; Inapplicable ; Inapplicable ; Inapplicable ;
; LEDs[6]                 ; Pass         ; Inapplicable ; Pass         ; Inapplicable ; Inapplicable ; Pass      ; Pass         ; Inapplicable ; Pass      ; Pass      ; Inapplicable ; Pass         ; Inapplicable ; Inapplicable ; Inapplicable ; Inapplicable ; Pass         ; Inapplicable ; Inapplicable ; Inapplicable ; Inapplicable ; Pass         ; Inapplicable ; Inapplicable ; Inapplicable ; Inapplicable ; Inapplicable ; Inapplicable ;
; LEDs[7]                 ; Pass         ; Inapplicable ; Pass         ; Inapplicable ; Inapplicable ; Pass      ; Pass         ; Inapplicable ; Pass      ; Pass      ; Inapplicable ; Pass         ; Inapplicable ; Inapplicable ; Inapplicable ; Inapplicable ; Pass         ; Inapplicable ; Inapplicable ; Inapplicable ; Inapplicable ; Pass         ; Inapplicable ; Inapplicable ; Inapplicable ; Inapplicable ; Inapplicable ; Inapplicable ;
; LEDs[8]                 ; Pass         ; Inapplicable ; Pass         ; Inapplicable ; Inapplicable ; Pass      ; Pass         ; Inapplicable ; Pass      ; Pass      ; Inapplicable ; Pass         ; Inapplicable ; Inapplicable ; Inapplicable ; Inapplicable ; Pass         ; Inapplicable ; Inapplicable ; Inapplicable ; Inapplicable ; Pass         ; Inapplicable ; Inapplicable ; Inapplicable ; Inapplicable ; Inapplicable ; Inapplicable ;
; LEDs[9]                 ; Pass         ; Inapplicable ; Pass         ; Inapplicable ; Inapplicable ; Pass      ; Pass         ; Inapplicable ; Pass      ; Pass      ; Inapplicable ; Pass         ; Inapplicable ; Inapplicable ; Inapplicable ; Inapplicable ; Pass         ; Inapplicable ; Inapplicable ; Inapplicable ; Inapplicable ; Pass         ; Inapplicable ; Inapplicable ; Inapplicable ; Inapplicable ; Inapplicable ; Inapplicable ;
; clk                     ; Pass         ; Inapplicable ; Pass         ; Inapplicable ; Inapplicable ; Pass      ; Pass         ; Inapplicable ; Pass      ; Pass      ; Inapplicable ; Inapplicable ; Inapplicable ; Inapplicable ; Inapplicable ; Inapplicable ; Inapplicable ; Inapplicable ; Inapplicable ; Inapplicable ; Inapplicable ; Inapplicable ; Inapplicable ; Inapplicable ; Inapplicable ; Inapplicable ; Inapplicable ; Inapplicable ;
; rst                     ; Pass         ; Inapplicable ; Pass         ; Inapplicable ; Inapplicable ; Pass      ; Pass         ; Inapplicable ; Pass      ; Pass      ; Inapplicable ; Inapplicable ; Inapplicable ; Inapplicable ; Inapplicable ; Inapplicable ; Inapplicable ; Inapplicable ; Inapplicable ; Inapplicable ; Inapplicable ; Inapplicable ; Inapplicable ; Inapplicable ; Inapplicable ; Inapplicable ; Inapplicable ; Inapplicable ;
; Player_Switch[3]        ; Pass         ; Inapplicable ; Pass         ; Inapplicable ; Inapplicable ; Pass      ; Pass         ; Inapplicable ; Pass      ; Pass      ; Inapplicable ; Inapplicable ; Inapplicable ; Inapplicable ; Inapplicable ; Inapplicable ; Inapplicable ; Inapplicable ; Inapplicable ; Inapplicable ; Inapplicable ; Inapplicable ; Inapplicable ; Inapplicable ; Inapplicable ; Inapplicable ; Inapplicable ; Inapplicable ;
; Player_Switch[1]        ; Pass         ; Inapplicable ; Pass         ; Inapplicable ; Inapplicable ; Pass      ; Pass         ; Inapplicable ; Pass      ; Pass      ; Inapplicable ; Inapplicable ; Inapplicable ; Inapplicable ; Inapplicable ; Inapplicable ; Inapplicable ; Inapplicable ; Inapplicable ; Inapplicable ; Inapplicable ; Inapplicable ; Inapplicable ; Inapplicable ; Inapplicable ; Inapplicable ; Inapplicable ; Inapplicable ;
; Player_Switch[2]        ; Pass         ; Inapplicable ; Pass         ; Inapplicable ; Inapplicable ; Pass      ; Pass         ; Inapplicable ; Pass      ; Pass      ; Inapplicable ; Inapplicable ; Inapplicable ; Inapplicable ; Inapplicable ; Inapplicable ; Inapplicable ; Inapplicable ; Inapplicable ; Inapplicable ; Inapplicable ; Inapplicable ; Inapplicable ; Inapplicable ; Inapplicable ; Inapplicable ; Inapplicable ; Inapplicable ;
; Player_Switch[0]        ; Pass         ; Inapplicable ; Pass         ; Inapplicable ; Inapplicable ; Pass      ; Pass         ; Inapplicable ; Pass      ; Pass      ; Inapplicable ; Inapplicable ; Inapplicable ; Inapplicable ; Inapplicable ; Inapplicable ; Inapplicable ; Inapplicable ; Inapplicable ; Inapplicable ; Inapplicable ; Inapplicable ; Inapplicable ; Inapplicable ; Inapplicable ; Inapplicable ; Inapplicable ; Inapplicable ;
; Player_LoadButton       ; Pass         ; Inapplicable ; Pass         ; Inapplicable ; Inapplicable ; Pass      ; Pass         ; Inapplicable ; Pass      ; Pass      ; Inapplicable ; Inapplicable ; Inapplicable ; Inapplicable ; Inapplicable ; Inapplicable ; Inapplicable ; Inapplicable ; Inapplicable ; Inapplicable ; Inapplicable ; Inapplicable ; Inapplicable ; Inapplicable ; Inapplicable ; Inapplicable ; Inapplicable ; Inapplicable ;
; Level_Button            ; Pass         ; Inapplicable ; Pass         ; Inapplicable ; Inapplicable ; Pass      ; Pass         ; Inapplicable ; Pass      ; Pass      ; Inapplicable ; Inapplicable ; Inapplicable ; Inapplicable ; Inapplicable ; Inapplicable ; Inapplicable ; Inapplicable ; Inapplicable ; Inapplicable ; Inapplicable ; Inapplicable ; Inapplicable ; Inapplicable ; Inapplicable ; Inapplicable ; Inapplicable ; Inapplicable ;
; PasswordGameStartButton ; Pass         ; Inapplicable ; Pass         ; Inapplicable ; Inapplicable ; Pass      ; Pass         ; Inapplicable ; Pass      ; Pass      ; Inapplicable ; Inapplicable ; Inapplicable ; Inapplicable ; Inapplicable ; Inapplicable ; Inapplicable ; Inapplicable ; Inapplicable ; Inapplicable ; Inapplicable ; Inapplicable ; Inapplicable ; Inapplicable ; Inapplicable ; Inapplicable ; Inapplicable ; Inapplicable ;
; Password_Switch[3]      ; Pass         ; Inapplicable ; Pass         ; Inapplicable ; Inapplicable ; Pass      ; Pass         ; Inapplicable ; Pass      ; Pass      ; Inapplicable ; Inapplicable ; Inapplicable ; Inapplicable ; Inapplicable ; Inapplicable ; Inapplicable ; Inapplicable ; Inapplicable ; Inapplicable ; Inapplicable ; Inapplicable ; Inapplicable ; Inapplicable ; Inapplicable ; Inapplicable ; Inapplicable ; Inapplicable ;
; Password_Switch[0]      ; Pass         ; Inapplicable ; Pass         ; Inapplicable ; Inapplicable ; Pass      ; Pass         ; Inapplicable ; Pass      ; Pass      ; Inapplicable ; Inapplicable ; Inapplicable ; Inapplicable ; Inapplicable ; Inapplicable ; Inapplicable ; Inapplicable ; Inapplicable ; Inapplicable ; Inapplicable ; Inapplicable ; Inapplicable ; Inapplicable ; Inapplicable ; Inapplicable ; Inapplicable ; Inapplicable ;
; Password_Switch[1]      ; Pass         ; Inapplicable ; Pass         ; Inapplicable ; Inapplicable ; Pass      ; Pass         ; Inapplicable ; Pass      ; Pass      ; Inapplicable ; Inapplicable ; Inapplicable ; Inapplicable ; Inapplicable ; Inapplicable ; Inapplicable ; Inapplicable ; Inapplicable ; Inapplicable ; Inapplicable ; Inapplicable ; Inapplicable ; Inapplicable ; Inapplicable ; Inapplicable ; Inapplicable ; Inapplicable ;
; Password_Switch[2]      ; Pass         ; Inapplicable ; Pass         ; Inapplicable ; Inapplicable ; Pass      ; Pass         ; Inapplicable ; Pass      ; Pass      ; Inapplicable ; Inapplicable ; Inapplicable ; Inapplicable ; Inapplicable ; Inapplicable ; Inapplicable ; Inapplicable ; Inapplicable ; Inapplicable ; Inapplicable ; Inapplicable ; Inapplicable ; Inapplicable ; Inapplicable ; Inapplicable ; Inapplicable ; Inapplicable ;
+-------------------------+--------------+--------------+--------------+--------------+--------------+-----------+--------------+--------------+-----------+-----------+--------------+--------------+--------------+--------------+--------------+--------------+--------------+--------------+--------------+--------------+--------------+--------------+--------------+--------------+--------------+--------------+--------------+--------------+


+------------------------------------------------------------------------------------------------+
; Fitter Device Options                                                                          ;
+------------------------------------------------------------------+-----------------------------+
; Option                                                           ; Setting                     ;
+------------------------------------------------------------------+-----------------------------+
; Enable user-supplied start-up clock (CLKUSR)                     ; Off                         ;
; Enable device-wide reset (DEV_CLRn)                              ; Off                         ;
; Enable device-wide output enable (DEV_OE)                        ; Off                         ;
; Enable INIT_DONE output                                          ; Off                         ;
; Configuration scheme                                             ; Active Serial x1            ;
; Enable Error Detection CRC_ERROR pin                             ; Off                         ;
; Enable CvP_CONFDONE pin                                          ; Off                         ;
; Enable open drain on CRC_ERROR pin                               ; On                          ;
; Enable open drain on CvP_CONFDONE pin                            ; On                          ;
; Enable open drain on INIT_DONE pin                               ; On                          ;
; Enable open drain on Partial Reconfiguration pins                ; Off                         ;
; Enable open drain on nCEO pin                                    ; On                          ;
; Enable Partial Reconfiguration pins                              ; Off                         ;
; Enable input tri-state on active configuration pins in user mode ; Off                         ;
; Enable internal scrubbing                                        ; Off                         ;
; Active Serial clock source                                       ; 100 MHz Internal Oscillator ;
; Device initialization clock source                               ; Internal Oscillator         ;
; Configuration via Protocol                                       ; Off                         ;
; Configuration Voltage Level                                      ; Auto                        ;
; Force Configuration Voltage Level                                ; Off                         ;
; Enable nCEO output                                               ; Off                         ;
; Data[15..8]                                                      ; Unreserved                  ;
; Data[7..5]                                                       ; Unreserved                  ;
; Base pin-out file on sameframe device                            ; Off                         ;
+------------------------------------------------------------------+-----------------------------+


+------------------------------------+
; Operating Settings and Conditions  ;
+---------------------------+--------+
; Setting                   ; Value  ;
+---------------------------+--------+
; Nominal Core Voltage      ; 1.10 V ;
; Low Junction Temperature  ; 0 °C   ;
; High Junction Temperature ; 85 °C  ;
+---------------------------+--------+


+------------------------------------------------------------+
; Estimated Delay Added for Hold Timing Summary              ;
+-----------------+----------------------+-------------------+
; Source Clock(s) ; Destination Clock(s) ; Delay Added in ns ;
+-----------------+----------------------+-------------------+
; clk             ; clk                  ; 66.2              ;
+-----------------+----------------------+-------------------+
Note: For more information on problematic transfers, consider running the Fitter again with the Optimize hold timing option (Settings Menu) turned off.
This will disable optimization of problematic paths and expose them for further analysis using the Timing Analyzer.


+------------------------------------------------------------------------------------------------------------------------------------------------------------------------------------------------------------------------------------------------------------------------------------------------------------------+
; Estimated Delay Added for Hold Timing Details                                                                                                                                                                                                                                                                    ;
+---------------------------------------------------------------------------------------------------------------------------+------------------------------------------------------------------------------------------------------------------------------------------------------------------+-------------------+
; Source Register                                                                                                           ; Destination Register                                                                                                                                             ; Delay Added in ns ;
+---------------------------------------------------------------------------------------------------------------------------+------------------------------------------------------------------------------------------------------------------------------------------------------------------+-------------------+
; Authentication:AuthenticationModule|ID_Checking_Module:DUT_ID_Checking_Module|ROM_Addr[0]                                 ; Authentication:AuthenticationModule|PlayerID_ROM:DUT_PlayerID_ROM|altsyncram:altsyncram_component|altsyncram_k2g1:auto_generated|ram_block1a3~porta_address_reg0 ; 0.483             ;
; Authentication:AuthenticationModule|ID_Checking_Module:DUT_ID_Checking_Module|ROM_Addr[1]                                 ; Authentication:AuthenticationModule|PlayerID_ROM:DUT_PlayerID_ROM|altsyncram:altsyncram_component|altsyncram_k2g1:auto_generated|ram_block1a6~porta_address_reg0 ; 0.483             ;
; Authentication:AuthenticationModule|ID_Checking_Module:DUT_ID_Checking_Module|ROM_Addr[2]                                 ; Authentication:AuthenticationModule|PlayerID_ROM:DUT_PlayerID_ROM|altsyncram:altsyncram_component|altsyncram_k2g1:auto_generated|ram_block1a9~porta_address_reg0 ; 0.483             ;
; Authentication:AuthenticationModule|Password_Checking_Module:DUT_Password_Checking_Module|Tries_Count[1]                  ; Authentication:AuthenticationModule|Password_Checking_Module:DUT_Password_Checking_Module|State.WAITCYCLE                                                        ; 0.422             ;
; Authentication:AuthenticationModule|Password_Checking_Module:DUT_Password_Checking_Module|Tries_Count[0]                  ; Authentication:AuthenticationModule|Password_Checking_Module:DUT_Password_Checking_Module|State.WAITCYCLE                                                        ; 0.416             ;
; Authentication:AuthenticationModule|Password_Checking_Module:DUT_Password_Checking_Module|Store_ROMData[7]                ; Authentication:AuthenticationModule|Password_Checking_Module:DUT_Password_Checking_Module|State.DIGIT1                                                           ; 0.390             ;
; ThreeDigitTimer:TimerModule|Onesdigit[0]                                                                                  ; ThreeDigitTimer:TimerModule|Onesdigit[1]                                                                                                                         ; 0.370             ;
; OneSecTimer:LFSR_OneSecondTimerModule|msecTimer_LFSR:DUT_msecTimer_LFSR|LFSR[1]                                           ; OneSecTimer:LFSR_OneSecondTimerModule|msecTimer_LFSR:DUT_msecTimer_LFSR|LFSR[2]                                                                                  ; 0.369             ;
; ThreeDigitTimer:TimerModule|Tensdigit[0]                                                                                  ; ThreeDigitTimer:TimerModule|Tensdigit[1]                                                                                                                         ; 0.367             ;
; Authentication:AuthenticationModule|ID_Checking_Module:DUT_ID_Checking_Module|State.CHECKSTATUS                           ; Authentication:AuthenticationModule|ID_Checking_Module:DUT_ID_Checking_Module|Count[2]                                                                           ; 0.365             ;
; Authentication:AuthenticationModule|ID_Checking_Module:DUT_ID_Checking_Module|Count[0]                                    ; Authentication:AuthenticationModule|ID_Checking_Module:DUT_ID_Checking_Module|Count[2]                                                                           ; 0.365             ;
; ButtonShaper:LevelButtonShaper|State.PULSE                                                                                ; LevelSelector:LevelSelectorModule|level[0]                                                                                                                       ; 0.365             ;
; OneSecTimer:LFSR_OneSecondTimerModule|countTo10Timer:DUT_countTo10Timer|count[2]                                          ; OneSecTimer:LFSR_OneSecondTimerModule|countTo10Timer:DUT_countTo10Timer|count[1]                                                                                 ; 0.364             ;
; Authentication:AuthenticationModule|ID_Checking_Module:DUT_ID_Checking_Module|Count[1]                                    ; Authentication:AuthenticationModule|ID_Checking_Module:DUT_ID_Checking_Module|Count[2]                                                                           ; 0.362             ;
; Scoreboard:ScoreboardModule|scoreTens[0]                                                                                  ; Scoreboard:ScoreboardModule|scoreTens[3]                                                                                                                         ; 0.361             ;
; OneSecTimer:LFSR_OneSecondTimerModule|countTo10Timer:DUT_countTo10Timer|count[1]                                          ; OneSecTimer:LFSR_OneSecondTimerModule|countTo10Timer:DUT_countTo10Timer|count[2]                                                                                 ; 0.361             ;
; Authentication:AuthenticationModule|Password_Checking_Module:DUT_Password_Checking_Module|Store_ROMData[16]               ; Authentication:AuthenticationModule|Password_Checking_Module:DUT_Password_Checking_Module|State.DIGIT1                                                           ; 0.360             ;
; ScoreTracking:ScoreTrackingModule|PlayerInternalID_Reg[2]                                                                 ; ScoreTracking:ScoreTrackingModule|PlayerPlayed[1]                                                                                                                ; 0.353             ;
; PrimeTargetGenerator:TargetGeneratorModule|request_counter[0]                                                             ; PrimeTargetGenerator:TargetGeneratorModule|request_counter[3]                                                                                                    ; 0.351             ;
; ThreeDigitTimer:TimerModule|Hundredsdigit[0]                                                                              ; ThreeDigitTimer:TimerModule|Hundredsdigit[1]                                                                                                                     ; 0.349             ;
; ScoreTracking:ScoreTrackingModule|valid                                                                                   ; PrimeGameController:GameControllerModule|state.WAIT_SCORE_VALID                                                                                                  ; 0.348             ;
; PrimeTargetGenerator:TargetGeneratorModule|RandomIndexLFSR:RandomIndexLFSR_Module|PrimeLFSR:PrimeLFSR_Module|lfsr_reg[9]  ; PrimeTargetGenerator:TargetGeneratorModule|rom_address[2]                                                                                                        ; 0.348             ;
; OneSecTimer:LFSR_OneSecondTimerModule|msecTimer_LFSR:DUT_msecTimer_LFSR|LFSR[15]                                          ; OneSecTimer:LFSR_OneSecondTimerModule|msecTimer_LFSR:DUT_msecTimer_LFSR|LFSR[5]                                                                                  ; 0.347             ;
; ScoreTracking:ScoreTrackingModule|State.CHECK_GLOBAL                                                                      ; ScoreTracking:ScoreTrackingModule|State.WAITFORSCORE                                                                                                             ; 0.337             ;
; ScoreTracking:ScoreTrackingModule|State.COMPARE_PERSONAL                                                                  ; ScoreTracking:ScoreTrackingModule|State.CHECK_GLOBAL                                                                                                             ; 0.335             ;
; Scoreboard:ScoreboardModule|scoreOnes[0]                                                                                  ; Scoreboard:ScoreboardModule|scoreOnes[2]                                                                                                                         ; 0.332             ;
; OneSecTimer:LFSR_OneSecondTimerModule|countTo10Timer:DUT_countTo10Timer|count[0]                                          ; OneSecTimer:LFSR_OneSecondTimerModule|countTo10Timer:DUT_countTo10Timer|count[1]                                                                                 ; 0.330             ;
; Scoreboard:ScoreboardModule|scoreTens[2]                                                                                  ; Scoreboard:ScoreboardModule|scoreTens[3]                                                                                                                         ; 0.327             ;
; OneSecTimer:LFSR_OneSecondTimerModule|msecTimer_LFSR:DUT_msecTimer_LFSR|LFSR[2]                                           ; OneSecTimer:LFSR_OneSecondTimerModule|msecTimer_LFSR:DUT_msecTimer_LFSR|LFSR[3]                                                                                  ; 0.324             ;
; ScoreTracking:ScoreTrackingModule|PlayerInternalID_Reg[1]                                                                 ; ScoreTracking:ScoreTrackingModule|PlayerPlayed[1]                                                                                                                ; 0.322             ;
; PrimeGameController:GameControllerModule|score_request                                                                    ; ScoreTracking:ScoreTrackingModule|State.WAITFORSCORE                                                                                                             ; 0.322             ;
; PrimeTargetGenerator:TargetGeneratorModule|RandomIndexLFSR:RandomIndexLFSR_Module|PrimeLFSR:PrimeLFSR_Module|lfsr_reg[1]  ; PrimeTargetGenerator:TargetGeneratorModule|RandomIndexLFSR:RandomIndexLFSR_Module|PrimeLFSR:PrimeLFSR_Module|lfsr_reg[2]                                         ; 0.322             ;
; PrimeTargetGenerator:TargetGeneratorModule|state.ROM_CATCH                                                                ; PrimeTargetGenerator:TargetGeneratorModule|target_prime[1]                                                                                                       ; 0.322             ;
; OneSecTimer:LFSR_OneSecondTimerModule|msecTimer_LFSR:DUT_msecTimer_LFSR|LFSR[4]                                           ; OneSecTimer:LFSR_OneSecondTimerModule|msecTimer_LFSR:DUT_msecTimer_LFSR|LFSR[5]                                                                                  ; 0.319             ;
; ThreeDigitTimer:TimerModule|Onesdigit[3]                                                                                  ; ThreeDigitTimer:TimerModule|Onesdigit[2]                                                                                                                         ; 0.318             ;
; PrimeTargetGenerator:TargetGeneratorModule|request_counter[2]                                                             ; PrimeTargetGenerator:TargetGeneratorModule|request_counter[3]                                                                                                    ; 0.318             ;
; Authentication:AuthenticationModule|ID_Checking_Module:DUT_ID_Checking_Module|Count[2]                                    ; Authentication:AuthenticationModule|ID_Checking_Module:DUT_ID_Checking_Module|ROM_Addr[2]                                                                        ; 0.317             ;
; ScoreTracking:ScoreTrackingModule|Score_RAMaddr[2]                                                                        ; ScoreTracking:ScoreTrackingModule|Score_RAMaddr[3]                                                                                                               ; 0.315             ;
; PrimeTargetGenerator:TargetGeneratorModule|RandomIndexLFSR:RandomIndexLFSR_Module|PrimeLFSR:PrimeLFSR_Module|lfsr_reg[12] ; PrimeTargetGenerator:TargetGeneratorModule|rom_address[3]                                                                                                        ; 0.315             ;
; PrimeTargetGenerator:TargetGeneratorModule|request_counter[1]                                                             ; PrimeTargetGenerator:TargetGeneratorModule|request_counter[3]                                                                                                    ; 0.315             ;
; PrimeGameController:GameControllerModule|Logout_From_GCM                                                                  ; Authentication:AuthenticationModule|Password_Checking_Module:DUT_Password_Checking_Module|State.PASSED                                                           ; 0.315             ;
; Authentication:AuthenticationModule|Password_Checking_Module:DUT_Password_Checking_Module|State.PASSED                    ; Authentication:AuthenticationModule|Password_Checking_Module:DUT_Password_Checking_Module|Logged_Out                                                             ; 0.315             ;
; PrimeGameController:GameControllerModule|state.IDLE                                                                       ; PrimeGameController:GameControllerModule|state.START_GAME                                                                                                        ; 0.315             ;
; Authentication:AuthenticationModule|ID_Checking_Module:DUT_ID_Checking_Module|State.COMPARE                               ; Authentication:AuthenticationModule|ID_Checking_Module:DUT_ID_Checking_Module|Internal_PlayerID[0]                                                               ; 0.314             ;
; ScoreTracking:ScoreTrackingModule|Score_RAMaddr[0]                                                                        ; ScoreTracking:ScoreTrackingModule|Score_RAMaddr[2]                                                                                                               ; 0.314             ;
; PrimeTargetGenerator:TargetGeneratorModule|state.IDLE                                                                     ; PrimeTargetGenerator:TargetGeneratorModule|state.FETCH_ROM_ADDR                                                                                                  ; 0.314             ;
; ScoreTracking:ScoreTrackingModule|Global_Winner                                                                           ; ScoreTracking:ScoreTrackingModule|Global_Winner                                                                                                                  ; 0.313             ;
; Authentication:AuthenticationModule|Password_Checking_Module:DUT_Password_Checking_Module|IsGuest_From_PCM                ; ScoreTracking:ScoreTrackingModule|State.FETCHRAM                                                                                                                 ; 0.313             ;
; ScoreTracking:ScoreTrackingModule|Score_RAMaddr[1]                                                                        ; ScoreTracking:ScoreTrackingModule|Score_RAMaddr[2]                                                                                                               ; 0.313             ;
; Authentication:AuthenticationModule|ID_Checking_Module:DUT_ID_Checking_Module|State.FETCHROMWD                            ; Authentication:AuthenticationModule|ID_Checking_Module:DUT_ID_Checking_Module|ROM_Addr[1]                                                                        ; 0.312             ;
; PrimeTargetGenerator:TargetGeneratorModule|request_counter[3]                                                             ; PrimeTargetGenerator:TargetGeneratorModule|request_counter[4]                                                                                                    ; 0.310             ;
; Authentication:AuthenticationModule|Password_Checking_Module:DUT_Password_Checking_Module|State.DIGIT2                    ; Authentication:AuthenticationModule|Password_Checking_Module:DUT_Password_Checking_Module|State.DIGIT3                                                           ; 0.308             ;
; Authentication:AuthenticationModule|Password_Checking_Module:DUT_Password_Checking_Module|State.WAITCYCLE                 ; Authentication:AuthenticationModule|Password_Checking_Module:DUT_Password_Checking_Module|Internal_PlayerID_PCM[1]                                               ; 0.307             ;
; Authentication:AuthenticationModule|Password_Checking_Module:DUT_Password_Checking_Module|State.DIGIT4                    ; Authentication:AuthenticationModule|Password_Checking_Module:DUT_Password_Checking_Module|State.DIGIT5                                                           ; 0.307             ;
; ButtonShaper:PlayerLoadButtonShaper|State.PULSE                                                                           ; ButtonShaper:PlayerLoadButtonShaper|State.INIT                                                                                                                   ; 0.307             ;
; ScoreTracking:ScoreTrackingModule|State.RAMCYCLE2                                                                         ; ScoreTracking:ScoreTrackingModule|State.RAMCATCH                                                                                                                 ; 0.304             ;
; PrimeTargetGenerator:TargetGeneratorModule|RandomIndexLFSR:RandomIndexLFSR_Module|PrimeLFSR:PrimeLFSR_Module|lfsr_reg[6]  ; PrimeTargetGenerator:TargetGeneratorModule|RandomIndexLFSR:RandomIndexLFSR_Module|PrimeLFSR:PrimeLFSR_Module|lfsr_reg[7]                                         ; 0.304             ;
; Authentication:AuthenticationModule|ID_Checking_Module:DUT_ID_Checking_Module|State.ROMCYC1                               ; Authentication:AuthenticationModule|ID_Checking_Module:DUT_ID_Checking_Module|State.ROMCYC2                                                                      ; 0.304             ;
; Authentication:AuthenticationModule|Password_Checking_Module:DUT_Password_Checking_Module|State.ROMCYC1                   ; Authentication:AuthenticationModule|Password_Checking_Module:DUT_Password_Checking_Module|State.ROMCYC2                                                          ; 0.304             ;
; PrimeTargetGenerator:TargetGeneratorModule|state.ROM_CYC1                                                                 ; PrimeTargetGenerator:TargetGeneratorModule|state.ROM_CYC2                                                                                                        ; 0.303             ;
; PrimeGameController:GameControllerModule|score_saved                                                                      ; PrimeGameController:GameControllerModule|score_request                                                                                                           ; 0.303             ;
; Authentication:AuthenticationModule|Password_Checking_Module:DUT_Password_Checking_Module|Store_ROMData[15]               ; Authentication:AuthenticationModule|Password_Checking_Module:DUT_Password_Checking_Module|State.DIGIT1                                                           ; 0.302             ;
; PrimeGameController:GameControllerModule|ClearGuess                                                                       ; TwoDigitGuessInput:GuessInputModule|temp_tens[1]                                                                                                                 ; 0.302             ;
; ButtonShaper:StartButtonShaper|State.INIT                                                                                 ; ButtonShaper:StartButtonShaper|State.PULSE                                                                                                                       ; 0.302             ;
; PrimeTargetGenerator:TargetGeneratorModule|RandomIndexLFSR:RandomIndexLFSR_Module|PrimeLFSR:PrimeLFSR_Module|lfsr_reg[2]  ; PrimeTargetGenerator:TargetGeneratorModule|RandomIndexLFSR:RandomIndexLFSR_Module|PrimeLFSR:PrimeLFSR_Module|lfsr_reg[3]                                         ; 0.301             ;
; Scoreboard:ScoreboardModule|scoreOnes[1]                                                                                  ; Scoreboard:ScoreboardModule|scoreOnes[2]                                                                                                                         ; 0.301             ;
; PrimeGameController:GameControllerModule|state.WAIT_SCORE_VALID                                                           ; PrimeGameController:GameControllerModule|state.SHOW_WINNER_STATUS                                                                                                ; 0.300             ;
; ButtonShaper:StartButtonShaper|State.PULSE                                                                                ; ButtonShaper:StartButtonShaper|State.INIT                                                                                                                        ; 0.298             ;
; ScoreTracking:ScoreTrackingModule|State.FETCHRAM                                                                          ; ScoreTracking:ScoreTrackingModule|State.RAMCYCLE1                                                                                                                ; 0.296             ;
; ButtonShaper:LevelButtonShaper|State.INIT                                                                                 ; ButtonShaper:LevelButtonShaper|State.PULSE                                                                                                                       ; 0.296             ;
; ButtonShaper:PlayerLoadButtonShaper|State.INIT                                                                            ; ButtonShaper:PlayerLoadButtonShaper|State.PULSE                                                                                                                  ; 0.296             ;
; Authentication:AuthenticationModule|ID_Checking_Module:DUT_ID_Checking_Module|State.ROMCATCH                              ; Authentication:AuthenticationModule|ID_Checking_Module:DUT_ID_Checking_Module|Store_ROMData[5]                                                                   ; 0.295             ;
; Scoreboard:ScoreboardModule|scoreOnes[2]                                                                                  ; Scoreboard:ScoreboardModule|scoreOnes[0]                                                                                                                         ; 0.294             ;
; Scoreboard:ScoreboardModule|scoreOnes[3]                                                                                  ; Scoreboard:ScoreboardModule|scoreOnes[0]                                                                                                                         ; 0.294             ;
; ScoreTracking:ScoreTrackingModule|State.WRITE_PERSONAL                                                                    ; ScoreTracking:ScoreTrackingModule|State.CHECK_GLOBAL                                                                                                             ; 0.294             ;
; ScoreTracking:ScoreTrackingModule|State.WAITFORSCORE                                                                      ; ScoreTracking:ScoreTrackingModule|State.FETCHRAM                                                                                                                 ; 0.294             ;
; Authentication:AuthenticationModule|ID_Checking_Module:DUT_ID_Checking_Module|State.DIGIT3                                ; Authentication:AuthenticationModule|ID_Checking_Module:DUT_ID_Checking_Module|UserEnteredID[7]                                                                   ; 0.293             ;
; PrimeGameController:GameControllerModule|state.LOGOUT                                                                     ; PrimeGameController:GameControllerModule|state.IDLE                                                                                                              ; 0.293             ;
; PrimeTargetGenerator:TargetGeneratorModule|RandomIndexLFSR:RandomIndexLFSR_Module|PrimeLFSR:PrimeLFSR_Module|lfsr_reg[5]  ; PrimeTargetGenerator:TargetGeneratorModule|RandomIndexLFSR:RandomIndexLFSR_Module|PrimeLFSR:PrimeLFSR_Module|lfsr_reg[6]                                         ; 0.289             ;
; ScoreTracking:ScoreTrackingModule|State.RAMCYCLE1                                                                         ; ScoreTracking:ScoreTrackingModule|State.RAMCYCLE2                                                                                                                ; 0.287             ;
; ScoreTracking:ScoreTrackingModule|Score_RAMaddr[3]                                                                        ; ScoreTracking:ScoreTrackingModule|Score_RAMaddr[4]                                                                                                               ; 0.287             ;
; PrimeGameController:GameControllerModule|state.NEW_ROUND                                                                  ; PrimeGameController:GameControllerModule|state.WAIT_TARGET_ROUND                                                                                                 ; 0.287             ;
; Authentication:AuthenticationModule|Password_Checking_Module:DUT_Password_Checking_Module|State.DIGIT3                    ; Authentication:AuthenticationModule|Password_Checking_Module:DUT_Password_Checking_Module|State.DIGIT4                                                           ; 0.287             ;
; Authentication:AuthenticationModule|ID_Checking_Module:DUT_ID_Checking_Module|State.ROMCYC2                               ; Authentication:AuthenticationModule|ID_Checking_Module:DUT_ID_Checking_Module|State.ROMCATCH                                                                     ; 0.286             ;
; Authentication:AuthenticationModule|Password_Checking_Module:DUT_Password_Checking_Module|State.ROMCYC2                   ; Authentication:AuthenticationModule|Password_Checking_Module:DUT_Password_Checking_Module|State.ROMCATCH                                                         ; 0.286             ;
; ScoreTracking:ScoreTrackingModule|State.RAMCATCH                                                                          ; ScoreTracking:ScoreTrackingModule|State.COMPARE_PERSONAL                                                                                                         ; 0.282             ;
; OneSecTimer:LFSR_OneSecondTimerModule|countTo10Timer:DUT_countTo10Timer|count[3]                                          ; OneSecTimer:LFSR_OneSecondTimerModule|countTo10Timer:DUT_countTo10Timer|OneSecTimeout                                                                            ; 0.275             ;
; PrimeTargetGenerator:TargetGeneratorModule|RandomIndexLFSR:RandomIndexLFSR_Module|PrimeLFSR:PrimeLFSR_Module|lfsr_reg[14] ; PrimeTargetGenerator:TargetGeneratorModule|rom_address[0]                                                                                                        ; 0.273             ;
; OneSecTimer:LFSR_OneSecondTimerModule|msecTimer_LFSR:DUT_msecTimer_LFSR|LFSR[3]                                           ; OneSecTimer:LFSR_OneSecondTimerModule|msecTimer_LFSR:DUT_msecTimer_LFSR|msecTimeOut                                                                              ; 0.271             ;
; OneSecTimer:LFSR_OneSecondTimerModule|msecTimer_LFSR:DUT_msecTimer_LFSR|LFSR[7]                                           ; OneSecTimer:LFSR_OneSecondTimerModule|msecTimer_LFSR:DUT_msecTimer_LFSR|msecTimeOut                                                                              ; 0.271             ;
; ScoreTracking:ScoreTrackingModule|State.RAMINIT                                                                           ; ScoreTracking:ScoreTrackingModule|State.WAITFORSCORE                                                                                                             ; 0.269             ;
; PrimeGameController:GameControllerModule|Timer_Reconfig                                                                   ; ThreeDigitTimer:TimerModule|Hundredsdigit[2]                                                                                                                     ; 0.267             ;
; ThreeDigitTimer:TimerModule|Hundredsdigit[2]                                                                              ; ThreeDigitTimer:TimerModule|Hundredsdigit[3]                                                                                                                     ; 0.253             ;
; Authentication:AuthenticationModule|Password_Checking_Module:DUT_Password_Checking_Module|State.ROMCATCH                  ; Authentication:AuthenticationModule|Password_Checking_Module:DUT_Password_Checking_Module|ROM_Addr[1]                                                            ; 0.249             ;
; Authentication:AuthenticationModule|Password_Checking_Module:DUT_Password_Checking_Module|State.COMPARE                   ; Authentication:AuthenticationModule|Password_Checking_Module:DUT_Password_Checking_Module|ROM_Addr[1]                                                            ; 0.249             ;
; Authentication:AuthenticationModule|Password_Checking_Module:DUT_Password_Checking_Module|UserEnteredPswd[7]              ; Authentication:AuthenticationModule|Password_Checking_Module:DUT_Password_Checking_Module|State.DIGIT1                                                           ; 0.245             ;
; PrimeTargetGenerator:TargetGeneratorModule|request_counter[4]                                                             ; PrimeTargetGenerator:TargetGeneratorModule|rom_address[0]                                                                                                        ; 0.244             ;
; ThreeDigitTimer:TimerModule|Tensdigit[2]                                                                                  ; ThreeDigitTimer:TimerModule|Tensdigit[2]                                                                                                                         ; 0.244             ;
; ScoreTracking:ScoreTrackingModule|Global_WinnerScore[5]                                                                   ; ScoreTracking:ScoreTrackingModule|Global_Winner                                                                                                                  ; 0.242             ;
; ScoreTracking:ScoreTrackingModule|Global_WinnerScore[4]                                                                   ; ScoreTracking:ScoreTrackingModule|Global_Winner                                                                                                                  ; 0.242             ;
+---------------------------------------------------------------------------------------------------------------------------+------------------------------------------------------------------------------------------------------------------------------------------------------------------+-------------------+
Note: This table only shows the top 100 path(s) that have the largest delay added for hold.


+-----------------+
; Fitter Messages ;
+-----------------+
Warning (18236): Number of processors has not been specified which may cause overloading on shared machines.  Set the global assignment NUM_PARALLEL_PROCESSORS in your QSF to an appropriate value for best performance.
Info (20030): Parallel compilation is enabled and will use 8 of the 8 processors detected
Info (119006): Selected device 5CEBA4F23C7 for design "FinalProject_PrimeNumGuessingGame"
Info (21077): Low junction temperature is 0 degrees C
Info (21077): High junction temperature is 85 degrees C
Info (171003): Fitter is performing an Auto Fit compilation, which may decrease Fitter effort to reduce compilation time
Warning (292013): Feature LogicLock is only available with a valid subscription license. You can purchase a software subscription to gain full access to this feature.
Critical Warning (11114): Active serial configuration mode is selected with the INIT_DONE pin disabled. Depending on the configuration setup and board design, the INIT_DONE pin may need to be enabled in the design. For more information, refer to the Intel FPGA Knowledge Database solution number rd05092012_239
Warning (15714): Some pins have incomplete I/O assignments. Refer to the I/O Assignment Warnings report for details
Info (176045): Design uses memory blocks. Violating setup or hold times of memory block address registers for either read or write operations could cause memory contents to be corrupted. Make sure that all memory block address registers meet the setup and hold time requirements.
Critical Warning (169085): No exact pin location assignment(s) for 2 pins of 67 total pins. For the list of pins please refer to the I/O Assignment Warnings table in the fitter report.
Info (184020): Starting Fitter periphery placement operations
Info (11191): Automatically promoted 1 clock (1 global)
    Info (11162): clk~inputCLKENA0 with 419 fanout uses global clock CLKCTRL_G4
Info (184021): Fitter periphery placement operations ending: elapsed time is 00:00:00
Info (176233): Starting register packing
Critical Warning (332012): Synopsys Design Constraints File file not found: 'FinalProject_PrimeNumGuessingGame.sdc'. A Synopsys Design Constraints File is required by the Timing Analyzer to get proper timing constraints. Without it, the Compiler will not properly optimize the design.
Info (332144): No user constrained base clocks found in the design
Info (332143): No user constrained clock uncertainty found in the design. Calling "derive_clock_uncertainty"
Info (332123): Deriving Clock Uncertainty. Please refer to report_sdc in the Timing Analyzer to see clock uncertainties.
Info (332130): Timing requirements not specified -- quality metrics such as performance may be sacrificed to reduce compilation time.
Info (176235): Finished register packing
    Extra Info (176219): No registers were packed into other blocks
Info (11798): Fitter preparation operations ending: elapsed time is 00:00:04
Info (170189): Fitter placement preparation operations beginning
Info (14951): The Fitter is using Advanced Physical Optimization.
Info (170190): Fitter placement preparation operations ending: elapsed time is 00:00:51
Info (170191): Fitter placement operations beginning
Info (170137): Fitter placement was successful
Info (170192): Fitter placement operations ending: elapsed time is 00:00:01
Info (170193): Fitter routing operations beginning
Info (170195): Router estimated average interconnect usage is 0% of the available device resources
    Info (170196): Router estimated peak interconnect usage is 3% of the available device resources in the region that extends from location X33_Y0 to location X43_Y10
Info (170199): The Fitter performed an Auto Fit compilation.  Optimizations were skipped to reduce compilation time.
    Info (170201): Optimizations that may affect the design's routability were skipped
Info (170194): Fitter routing operations ending: elapsed time is 00:00:01
Info (11888): Total time spent on timing analysis during the Fitter is 1.02 seconds.
Info (334003): Started post-fitting delay annotation
Info (334004): Delay annotation completed successfully
Info (334003): Started post-fitting delay annotation
Info (334004): Delay annotation completed successfully
Info (11801): Fitter post-fit operations ending: elapsed time is 00:00:04
Info (144001): Generated suppressed messages file C:/ADD_Projects/FinalProject_PrimeNumGuess/syn/output_files/FinalProject_PrimeNumGuessingGame.fit.smsg
Info: Quartus Prime Fitter was successful. 0 errors, 6 warnings
    Info: Peak virtual memory: 6789 megabytes
    Info: Processing ended: Mon May 11 15:23:23 2026
    Info: Elapsed time: 00:01:54
    Info: Total CPU time (on all processors): 00:06:38


+----------------------------+
; Fitter Suppressed Messages ;
+----------------------------+
The suppressed messages can be found in C:/ADD_Projects/FinalProject_PrimeNumGuess/syn/output_files/FinalProject_PrimeNumGuessingGame.fit.smsg.


